R	1000
W	1021	0:-3:2014	1:-2.75:2017	2:-2.5:2020	3:-2.25:2022	4:-2:2025	5:-1.75:2028	6:-1.5:2031	7:-1.25:2034	8:-1:2037	9:-0.75:2039	10:-0.5:2042	11:-0.25:2045	12:0:2048	13:0.25:2051	14:0.5:2054	15:0.75:2057	16:1:2059	17:1.25:2062	18:1.5:2065	19:1.75:2068	20:2:2071	21:2.25:2074	22:2.5:2076
R	1022
T	1038	5	1	1
W	1055	0:-3:2014	1:-2.75:2017	2:-2.5:2020	3:-2.25:2022	4:-2:2025	5:-1.75:2028	6:-1.5:2031	7:-1.25:2034	8:-1:2037	9:-0.75:2039	10:-0.5:2042	11:-0.25:2045	12:0:2048	13:0.25:2051	14:0.5:2054	15:0.75:2057	16:1:2059	17:1.25:2062	18:1.5:2065	19:1.75:2068	20:2:2071	21:2.25:2074	22:2.5:2076
R	1056
T	1072	39	1	1
W	1155	0:-32.34375:1680	1:-0.3515625:2044	2:-8.4375:1952	3:7.55859375:2134	4:18:2253	5:-18:1843	6:74.35546875:2894	7:-76.2890625:1180	8:-10.546875:1928	9:2.4609375:2076	10:0.693359375:2056	11:-3:2014	12:4:2094	13:-89.82421875:1026	14:56:2685	15:-1:2037	16:5:2105	17:-67.236328125:1283	18:32:2412	19:58:2708	20:-68:1274	21:2:2071	22:-12:1911
R	1156
T	1172	139	1	1
W	1178	0:-32.34375:1680	1:-0.3515625:2044	2:-8.4375:1952	3:7.55859375:2134	4:18:2253	5:-18:1843	6:74.35546875:2894	7:-76.2890625:1180	8:-10.546875:1928	9:2.4609375:2076	10:0.693359375:2056	11:-3:2014	12:4:2094	13:-89.82421875:1026	14:56:2685	15:-1:2037	16:5:2105	17:-67.236328125:1283	18:32:2412	19:58:2708	20:-68:1274	21:2:2071	22:-12:1911
W	1179	0:-32.34375:1680	1:-0.3515625:2044	2:-8.4375:1952	3:7.55859375:2134	4:18:2253	5:-18:1843	6:74.35546875:2894	7:-76.2890625:1180	8:-10.546875:1928	9:2.4609375:2076	10:0.693359375:2056	11:-3:2014	12:4:2094	13:-89.82421875:1026	14:56:2685	15:-1:2037	16:5:2105	17:-67.236328125:1283	18:32:2412	19:58:2708	20:-68:1274	21:2:2071	22:-12:1911
R	1180
T	1196	150	1	1
W	1201	0:-32.431640625:1679	1:-0.37353515625:2044	2:-8.63525390625:1950	3:7.822265625:2137	4:18:2253	5:-18:1843	6:73.1689453125:2880	7:-74.94873046875:1195	8:-10.6787109375:1926	9:2.5048828125:2076	10:0.52001953125:2054	11:-3:2014	12:3.75:2091	13:-82.1181640625:1114	14:53.75:2660	15:-2.2204460492503131e-16:2048	16:3.2500000000000004:2085	17:-59.04052734375:1376	18:31.97607421875:2412	19:58.6611328125:2715	20:-69.5:1257	21:2.25:2074	22:-10.142578125:1933
R	1202
T	1218	185	1	1
W	1235	0:-32.602828475825333:1677	1:-0.41633211895633293:2043	2:-9.0204265706069968:1945	3:8.3358291774759952:2143	4:18:2253	5:-18:1843	6:70.857909326358026:2854	7:-72.338115743663693:1225	8:-10.935492713737998:1924	9:2.5904767379126659:2077	10:0.18239904767781789:2050	11:-3:2014	12:3.2630656687635007:2085	13:-67.108793719581186:1284	14:49.367591018871508:2610	15:1.9477373249459973:2070	16:-0.15854031865549523:2046	17:-43.077260254287808:1558	18:31.92947308158088:2411	19:59.948845868152773:2730	20:-72.421605987418999:1224	21:2.7369343312364993:2079	22:-6.5248082108913215:1974
R	1236
T	1252	219	1	1
W	1335	0:-32.6953125:1676	1:-0.439453125:2043	2:-9.228515625:1943	3:8.61328125:2146	4:18:2253	5:-18:1843	6:69.609375:2840	7:-70.927734375:1241	8:-11.07421875:1922	9:2.63671875:2078	10:0:2048	11:-3:2014	12:3:2082	13:-59:1377	14:47:2583	15:3:2082	16:-2:2025	17:-34.453125:1656	18:31.904296875:2411	19:60.64453125:2738	20:-74:1206	21:3:2082	22:-4.5703125:1996
W	1336	0:-32.6953125:1676	1:-0.439453125:2043	2:-9.228515625:1943	3:8.61328125:2146	4:18:2253	5:-18:1843	6:69.609375:2840	7:-70.927734375:1241	8:-11.07421875:1922	9:2.63671875:2078	10:0:2048	11:-3:2014	12:3:2082	13:-59:1377	14:47:2583	15:3:2082	16:-2:2025	17:-34.453125:1656	18:31.904296875:2411	19:60.64453125:2738	20:-74:1206	21:3:2082	22:-4.5703125:1996
R	1337
T	1353	255	1	1
W	1359	0:-32.693909639012674:1676	1:-0.43384168105069998:2043	2:-9.2144870151267497:1943	3:8.5978497791394251:2146	4:18:2253	5:-18:1843	6:69.672503744429619:2841	7:-70.999280285353578:1240	8:-11.067204445063375:1922	9:2.6353158890126749:2078	10:-0.0042085829619750202:2048	11:-3.0068272568049816:2014	12:3.0264673106275319:2082	13:-58.930854540669181:1377	14:47.512387181948306:2589	15:2.9291399327957834:2081	16:-1.8889869338696812:2027	17:-34.406830587418277:1657	18:32.276055036641125:2415	19:60.728702909239502:2739	20:-73.806467533126366:1208	21:3.1218618577656323:2084	22:-4.5534781681520995:1996
R	1360
T	1376	343	1	1
W	1381	0:-32.648030283066277:1677	1:-0.25032425726509344:2045	2:-8.7556934556627333:1948	3:8.0931768637290062:2140	4:18:2253	5:-18:1843	6:71.737074762017699:2864	7:-73.339127438620054:1214	8:-10.837807665331367:1925	9:2.5894365330662734:2077	10:-0.14184665080117992:2046	11:-3.2301067890774697:2011	12:3.8920578261496424:2092	13:-56.669512063133205:1403	14:64.269567056060694:2779	15:0.61172268688087428:2055	16:1.7415994333555682:2068	17:-32.892811841187019:1674	18:44.434084362437559:2554	19:63.4814642660236:2770	20:-67.477155495009441:1280	21:7.1072485776430536:2129	22:-4.0029258967952801:2002
R	1382
T	1398	365	1	1
W	1415	0:-32.607421875:1677	1:-0.087890625:2047	2:-8.349609375:1953	3:7.646484375:2135	4:18:2253	5:-18:1843	6:73.564453125:2885	7:-75.41015625:1190	8:-10.634765625:1927	9:2.548828125:2077	10:-0.263671875:2045	11:-3.427734375:2009	12:4.658203125:2101	13:-54.66796875:1426	14:79.1015625:2948	15:-1.439453125:2032	16:4.955078125:2104	17:-31.552734375:1689	18:55.1953125:2676	19:65.91796875:2798	20:-61.875:1344	21:10.634765625:2169	22:-3.515625:2008
R	1416
T	1432	399	1	1
W	1515	0:-32.607421875:1677	1:-0.087890625:2047	2:-8.349609375:1953	3:7.646484375:2135	4:18:2253	5:-18:1843	6:73.564453125:2885	7:-75.41015625:1190	8:-10.634765625:1927	9:2.548828125:2077	10:-0.263671875:2045	11:-3.427734375:2009	12:4.658203125:2101	13:-54.66796875:1426	14:79.1015625:2948	15:-1.439453125:2032	16:4.955078125:2104	17:-31.552734375:1689	18:55.1953125:2676	19:65.91796875:2798	20:-61.875:1344	21:10.634765625:2169	22:-3.515625:2008
W	1516	0:-32.607421875:1677	1:-0.087890625:2047	2:-8.349609375:1953	3:7.646484375:2135	4:18:2253	5:-18:1843	6:73.564453125:2885	7:-75.41015625:1190	8:-10.634765625:1927	9:2.548828125:2077	10:-0.263671875:2045	11:-3.427734375:2009	12:4.658203125:2101	13:-54.66796875:1426	14:79.1015625:2948	15:-1.439453125:2032	16:4.955078125:2104	17:-31.552734375:1689	18:55.1953125:2676	19:65.91796875:2798	20:-61.875:1344	21:10.634765625:2169	22:-3.515625:2008
R	1517
T	1533	401	1	1
W	1539	0:-33.57421875:1666	1:0.52734375:2054	2:-9.84375:1936	3:9.931640625:2161	4:18:2253	5:-18:1843	6:67.060546875:2811	7:-68.37890625:1270	8:-10.986328125:1923	9:2.63671875:2078	10:1.845703125:2069	11:-2.724609375:2017	12:2.548828125:2077	13:-41.220703125:1579	14:55.3046875:2677	15:3.603515625:2089	16:-1.0546875:2036	17:-26.015625:1752	18:26.279296875:2347	19:67.587890625:2817	20:-57.568359375:1393	21:4.658203125:2101	22:-5.009765625:1991
R	1540
T	1556	0	2	1
W	1561	0:-33.57421875:1666	1:0.52734375:2054	2:-9.84375:1936	3:9.931640625:2161	4:18:2253	5:-18:1843	6:67.060546875:2811	7:-68.37890625:1270	8:-10.986328125:1923	9:2.63671875:2078	10:1.845703125:2069	11:-2.724609375:2017	12:2.548828125:2077	13:-41.220703125:1579	14:55.3046875:2677	15:3.603515625:2089	16:-1.0546875:2036	17:-26.015625:1752	18:26.279296875:2347	19:67.587890625:2817	20:-57.568359375:1393	21:4.658203125:2101	22:-5.009765625:1991
R	1562
T	1578	5	2	1
W	1595	0:-33.57421875:1666	1:0.52734375:2054	2:-9.84375:1936	3:9.931640625:2161	4:18:2253	5:-18:1843	6:67.060546875:2811	7:-68.37890625:1270	8:-10.986328125:1923	9:2.63671875:2078	10:1.845703125:2069	11:-2.724609375:2017	12:2.548828125:2077	13:-41.220703125:1579	14:55.3046875:2677	15:3.603515625:2089	16:-1.0546875:2036	17:-26.015625:1752	18:26.279296875:2347	19:67.587890625:2817	20:-57.568359375:1393	21:4.658203125:2101	22:-5.009765625:1991
R	1596
T	1612	39	2	1
W	1695	0:-32.34375:1680	1:-0.3515625:2044	2:-8.4375:1952	3:7.55859375:2134	4:18:2253	5:-18:1843	6:74.35546875:2894	7:-76.2890625:1180	8:-10.546875:1928	9:2.4609375:2076	10:0.693359375:2056	11:-3:2014	12:4:2094	13:-89.82421875:1026	14:56:2685	15:-1:2037	16:5:2105	17:-67.236328125:1283	18:32:2412	19:58:2708	20:-68:1274	21:2:2071	22:-12:1911
R	1696
T	1712	139	2	1
W	1718	0:-32.34375:1680	1:-0.3515625:2044	2:-8.4375:1952	3:7.55859375:2134	4:18:2253	5:-18:1843	6:74.35546875:2894	7:-76.2890625:1180	8:-10.546875:1928	9:2.4609375:2076	10:0.693359375:2056	11:-3:2014	12:4:2094	13:-89.82421875:1026	14:56:2685	15:-1:2037	16:5:2105	17:-67.236328125:1283	18:32:2412	19:58:2708	20:-68:1274	21:2:2071	22:-12:1911
W	1719	0:-32.34375:1680	1:-0.3515625:2044	2:-8.4375:1952	3:7.55859375:2134	4:18:2253	5:-18:1843	6:74.35546875:2894	7:-76.2890625:1180	8:-10.546875:1928	9:2.4609375:2076	10:0.693359375:2056	11:-3:2014	12:4:2094	13:-89.82421875:1026	14:56:2685	15:-1:2037	16:5:2105	17:-67.236328125:1283	18:32:2412	19:58:2708	20:-68:1274	21:2:2071	22:-12:1911
R	1720
T	1736	150	2	1
W	1741	0:-32.431640625:1679	1:-0.37353515625:2044	2:-8.63525390625:1950	3:7.822265625:2137	4:18:2253	5:-18:1843	6:73.1689453125:2880	7:-74.94873046875:1195	8:-10.6787109375:1926	9:2.5048828125:2076	10:0.52001953125:2054	11:-3:2014	12:3.75:2091	13:-82.1181640625:1114	14:53.75:2660	15:-2.2204460492503131e-16:2048	16:3.2500000000000004:2085	17:-59.04052734375:1376	18:31.97607421875:2412	19:58.6611328125:2715	20:-69.5:1257	21:2.25:2074	22:-10.142578125:1933
R	1742
T	1758	185	2	1
W	1775	0:-32.602828475825333:1677	1:-0.41633211895633293:2043	2:-9.0204265706069968:1945	3:8.3358291774759952:2143	4:18:2253	5:-18:1843	6:70.857909326358026:2854	7:-72.338115743663693:1225	8:-10.935492713737998:1924	9:2.5904767379126659:2077	10:0.18239904767781789:2050	11:-3:2014	12:3.2630656687635007:2085	13:-67.108793719581186:1284	14:49.367591018871508:2610	15:1.9477373249459973:2070	16:-0.15854031865549523:2046	17:-43.077260254287808:1558	18:31.92947308158088:2411	19:59.948845868152773:2730	20:-72.421605987418999:1224	21:2.7369343312364993:2079	22:-6.5248082108913215:1974
R	1776
T	1792	219	2	1
W	1875	0:-32.6953125:1676	1:-0.439453125:2043	2:-9.228515625:1943	3:8.61328125:2146	4:18:2253	5:-18:1843	6:69.609375:2840	7:-70.927734375:1241	8:-11.07421875:1922	9:2.63671875:2078	10:0:2048	11:-3:2014	12:3:2082	13:-59:1377	14:47:2583	15:3:2082	16:-2:2025	17:-34.453125:1656	18:31.904296875:2411	19:60.64453125:2738	20:-74:1206	21:3:2082	22:-4.5703125:1996
W	1876	0:-32.6953125:1676	1:-0.439453125:2043	2:-9.228515625:1943	3:8.61328125:2146	4:18:2253	5:-18:1843	6:69.609375:2840	7:-70.927734375:1241	8:-11.07421875:1922	9:2.63671875:2078	10:0:2048	11:-3:2014	12:3:2082	13:-59:1377	14:47:2583	15:3:2082	16:-2:2025	17:-34.453125:1656	18:31.904296875:2411	19:60.64453125:2738	20:-74:1206	21:3:2082	22:-4.5703125:1996
R	1877
T	1893	255	2	1
W	1899	0:-32.693909639012674:1676	1:-0.43384168105069998:2043	2:-9.2144870151267497:1943	3:8.5978497791394251:2146	4:18:2253	5:-18:1843	6:69.672503744429619:2841	7:-70.999280285353578:1240	8:-11.067204445063375:1922	9:2.6353158890126749:2078	10:-0.0042085829619750202:2048	11:-3.0068272568049816:2014	12:3.0264673106275319:2082	13:-58.930854540669181:1377	14:47.512387181948306:2589	15:2.9291399327957834:2081	16:-1.8889869338696812:2027	17:-34.406830587418277:1657	18:32.276055036641125:2415	19:60.728702909239502:2739	20:-73.806467533126366:1208	21:3.1218618577656323:2084	22:-4.5534781681520995:1996
R	1900
T	1916	343	2	1
W	1921	0:-32.648030283066277:1677	1:-0.25032425726509344:2045	2:-8.7556934556627333:1948	3:8.0931768637290062:2140	4:18:2253	5:-18:1843	6:71.737074762017699:2864	7:-73.339127438620054:1214	8:-10.837807665331367:1925	9:2.5894365330662734:2077	10:-0.14184665080117992:2046	11:-3.2301067890774697:2011	12:3.8920578261496424:2092	13:-56.669512063133205:1403	14:64.269567056060694:2779	15:0.61172268688087428:2055	16:1.7415994333555682:2068	17:-32.892811841187019:1674	18:44.434084362437559:2554	19:63.4814642660236:2770	20:-67.477155495009441:1280	21:7.1072485776430536:2129	22:-4.0029258967952801:2002
R	1922
T	1938	365	2	1
W	1955	0:-32.607421875:1677	1:-0.087890625:2047	2:-8.349609375:1953	3:7.646484375:2135	4:18:2253	5:-18:1843	6:73.564453125:2885	7:-75.41015625:1190	8:-10.634765625:1927	9:2.548828125:2077	10:-0.263671875:2045	11:-3.427734375:2009	12:4.658203125:2101	13:-54.66796875:1426	14:79.1015625:2948	15:-1.439453125:2032	16:4.955078125:2104	17:-31.552734375:1689	18:55.1953125:2676	19:65.91796875:2798	20:-61.875:1344	21:10.634765625:2169	22:-3.515625:2008
R	1956
T	1972	399	2	1
W	2055	0:-32.607421875:1677	1:-0.087890625:2047	2:-8.349609375:1953	3:7.646484375:2135	4:18:2253	5:-18:1843	6:73.564453125:2885	7:-75.41015625:1190	8:-10.634765625:1927	9:2.548828125:2077	10:-0.263671875:2045	11:-3.427734375:2009	12:4.658203125:2101	13:-54.66796875:1426	14:79.1015625:2948	15:-1.439453125:2032	16:4.955078125:2104	17:-31.552734375:1689	18:55.1953125:2676	19:65.91796875:2798	20:-61.875:1344	21:10.634765625:2169	22:-3.515625:2008
W	2056	0:-32.607421875:1677	1:-0.087890625:2047	2:-8.349609375:1953	3:7.646484375:2135	4:18:2253	5:-18:1843	6:73.564453125:2885	7:-75.41015625:1190	8:-10.634765625:1927	9:2.548828125:2077	10:-0.263671875:2045	11:-3.427734375:2009	12:4.658203125:2101	13:-54.66796875:1426	14:79.1015625:2948	15:-1.439453125:2032	16:4.955078125:2104	17:-31.552734375:1689	18:55.1953125:2676	19:65.91796875:2798	20:-61.875:1344	21:10.634765625:2169	22:-3.515625:2008
R	2057
T	2073	401	2	1
W	2079	0:-33.57421875:1666	1:0.52734375:2054	2:-9.84375:1936	3:9.931640625:2161	4:18:2253	5:-18:1843	6:67.060546875:2811	7:-68.37890625:1270	8:-10.986328125:1923	9:2.63671875:2078	10:1.845703125:2069	11:-2.724609375:2017	12:2.548828125:2077	13:-41.220703125:1579	14:55.3046875:2677	15:3.603515625:2089	16:-1.0546875:2036	17:-26.015625:1752	18:26.279296875:2347	19:67.587890625:2817	20:-57.568359375:1393	21:4.658203125:2101	22:-5.009765625:1991
R	2080
T	2096	0	3	1
W	2101	0:-33.57421875:1666	1:0.52734375:2054	2:-9.84375:1936	3:9.931640625:2161	4:18:2253	5:-18:1843	6:67.060546875:2811	7:-68.37890625:1270	8:-10.986328125:1923	9:2.63671875:2078	10:1.845703125:2069	11:-2.724609375:2017	12:2.548828125:2077	13:-41.220703125:1579	14:55.3046875:2677	15:3.603515625:2089	16:-1.0546875:2036	17:-26.015625:1752	18:26.279296875:2347	19:67.587890625:2817	20:-57.568359375:1393	21:4.658203125:2101	22:-5.009765625:1991
R	2102
T	2118	5	3	1
W	2135	0:-33.57421875:1666	1:0.52734375:2054	2:-9.84375:1936	3:9.931640625:2161	4:18:2253	5:-18:1843	6:67.060546875:2811	7:-68.37890625:1270	8:-10.986328125:1923	9:2.63671875:2078	10:1.845703125:2069	11:-2.724609375:2017	12:2.548828125:2077	13:-41.220703125:1579	14:55.3046875:2677	15:3.603515625:2089	16:-1.0546875:2036	17:-26.015625:1752	18:26.279296875:2347	19:67.587890625:2817	20:-57.568359375:1393	21:4.658203125:2101	22:-5.009765625:1991
R	2136
T	2152	39	3	1
W	2235	0:-32.34375:1680	1:-0.3515625:2044	2:-8.4375:1952	3:7.55859375:2134	4:18:2253	5:-18:1843	6:74.35546875:2894	7:-76.2890625:1180	8:-10.546875:1928	9:2.4609375:2076	10:0.693359375:2056	11:-3:2014	12:4:2094	13:-89.82421875:1026	14:56:2685	15:-1:2037	16:5:2105	17:-67.236328125:1283	18:32:2412	19:58:2708	20:-68:1274	21:2:2071	22:-12:1911
R	2236
T	2252	139	3	1
W	2258	0:-32.34375:1680	1:-0.3515625:2044	2:-8.4375:1952	3:7.55859375:2134	4:18:2253	5:-18:1843	6:74.35546875:2894	7:-76.2890625:1180	8:-10.546875:1928	9:2.4609375:2076	10:0.693359375:2056	11:-3:2014	12:4:2094	13:-89.82421875:1026	14:56:2685	15:-1:2037	16:5:2105	17:-67.236328125:1283	18:32:2412	19:58:2708	20:-68:1274	21:2:2071	22:-12:1911
W	2259	0:-32.34375:1680	1:-0.3515625:2044	2:-8.4375:1952	3:7.55859375:2134	4:18:2253	5:-18:1843	6:74.35546875:2894	7:-76.2890625:1180	8:-10.546875:1928	9:2.4609375:2076	10:0.693359375:2056	11:-3:2014	12:4:2094	13:-89.82421875:1026	14:56:2685	15:-1:2037	16:5:2105	17:-67.236328125:1283	18:32:2412	19:58:2708	20:-68:1274	21:2:2071	22:-12:1911
R	2260
T	2276	150	3	1
W	2281	0:-32.431640625:1679	1:-0.37353515625:2044	2:-8.63525390625:1950	3:7.822265625:2137	4:18:2253	5:-18:1843	6:73.1689453125:2880	7:-74.94873046875:1195	8:-10.6787109375:1926	9:2.5048828125:2076	10:0.52001953125:2054	11:-3:2014	12:3.75:2091	13:-82.1181640625:1114	14:53.75:2660	15:-2.2204460492503131e-16:2048	16:3.2500000000000004:2085	17:-59.04052734375:1376	18:31.97607421875:2412	19:58.6611328125:2715	20:-69.5:1257	21:2.25:2074	22:-10.142578125:1933
R	2282
T	2298	185	3	1
W	2315	0:-32.602828475825333:1677	1:-0.41633211895633293:2043	2:-9.0204265706069968:1945	3:8.3358291774759952:2143	4:18:2253	5:-18:1843	6:70.857909326358026:2854	7:-72.338115743663693:1225	8:-10.935492713737998:1924	9:2.5904767379126659:2077	10:0.18239904767781789:2050	11:-3:2014	12:3.2630656687635007:2085	13:-67.108793719581186:1284	14:49.367591018871508:2610	15:1.9477373249459973:2070	16:-0.15854031865549523:2046	17:-43.077260254287808:1558	18:31.92947308158088:2411	19:59.948845868152773:2730	20:-72.421605987418999:1224	21:2.7369343312364993:2079	22:-6.5248082108913215:1974
R	2316
T	2332	219	3	1
W	2415	0:-32.6953125:1676	1:-0.439453125:2043	2:-9.228515625:1943	3:8.61328125:2146	4:18:2253	5:-18:1843	6:69.609375:2840	7:-70.927734375:1241	8:-11.07421875:1922	9:2.63671875:2078	10:0:2048	11:-3:2014	12:3:2082	13:-59:1377	14:47:2583	15:3:2082	16:-2:2025	17:-34.453125:1656	18:31.904296875:2411	19:60.64453125:2738	20:-74:1206	21:3:2082	22:-4.5703125:1996
W	2416	0:-32.6953125:1676	1:-0.439453125:2043	2:-9.228515625:1943	3:8.61328125:2146	4:18:2253	5:-18:1843	6:69.609375:2840	7:-70.927734375:1241	8:-11.07421875:1922	9:2.63671875:2078	10:0:2048	11:-3:2014	12:3:2082	13:-59:1377	14:47:2583	15:3:2082	16:-2:2025	17:-34.453125:1656	18:31.904296875:2411	19:60.64453125:2738	20:-74:1206	21:3:2082	22:-4.5703125:1996
R	2417
T	2433	255	3	1
W	2439	0:-32.693909639012674:1676	1:-0.43384168105069998:2043	2:-9.2144870151267497:1943	3:8.5978497791394251:2146	4:18:2253	5:-18:1843	6:69.672503744429619:2841	7:-70.999280285353578:1240	8:-11.067204445063375:1922	9:2.6353158890126749:2078	10:-0.0042085829619750202:2048	11:-3.0068272568049816:2014	12:3.0264673106275319:2082	13:-58.930854540669181:1377	14:47.512387181948306:2589	15:2.9291399327957834:2081	16:-1.8889869338696812:2027	17:-34.406830587418277:1657	18:32.276055036641125:2415	19:60.728702909239502:2739	20:-73.806467533126366:1208	21:3.1218618577656323:2084	22:-4.5534781681520995:1996
R	2440
T	2456	343	3	1
W	2461	0:-32.648030283066277:1677	1:-0.25032425726509344:2045	2:-8.7556934556627333:1948	3:8.0931768637290062:2140	4:18:2253	5:-18:1843	6:71.737074762017699:2864	7:-73.339127438620054:1214	8:-10.837807665331367:1925	9:2.5894365330662734:2077	10:-0.14184665080117992:2046	11:-3.2301067890774697:2011	12:3.8920578261496424:2092	13:-56.669512063133205:1403	14:64.269567056060694:2779	15:0.61172268688087428:2055	16:1.7415994333555682:2068	17:-32.892811841187019:1674	18:44.434084362437559:2554	19:63.4814642660236:2770	20:-67.477155495009441:1280	21:7.1072485776430536:2129	22:-4.0029258967952801:2002
R	2462
T	2478	365	3	1
W	2495	0:-32.607421875:1677	1:-0.087890625:2047	2:-8.349609375:1953	3:7.646484375:2135	4:18:2253	5:-18:1843	6:73.564453125:2885	7:-75.41015625:1190	8:-10.634765625:1927	9:2.548828125:2077	10:-0.263671875:2045	11:-3.427734375:2009	12:4.658203125:2101	13:-54.66796875:1426	14:79.1015625:2948	15:-1.439453125:2032	16:4.955078125:2104	17:-31.552734375:1689	18:55.1953125:2676	19:65.91796875:2798	20:-61.875:1344	21:10.634765625:2169	22:-3.515625:2008
R	2496
T	2512	399	3	1
W	2595	0:-32.607421875:1677	1:-0.087890625:2047	2:-8.349609375:1953	3:7.646484375:2135	4:18:2253	5:-18:1843	6:73.564453125:2885	7:-75.41015625:1190	8:-10.634765625:1927	9:2.548828125:2077	10:-0.263671875:2045	11:-3.427734375:2009	12:4.658203125:2101	13:-54.66796875:1426	14:79.1015625:2948	15:-1.439453125:2032	16:4.955078125:2104	17:-31.552734375:1689	18:55.1953125:2676	19:65.91796875:2798	20:-61.875:1344	21:10.634765625:2169	22:-3.515625:2008
W	2596	0:-32.607421875:1677	1:-0.087890625:2047	2:-8.349609375:1953	3:7.646484375:2135	4:18:2253	5:-18:1843	6:73.564453125:2885	7:-75.41015625:1190	8:-10.634765625:1927	9:2.548828125:2077	10:-0.263671875:2045	11:-3.427734375:2009	12:4.658203125:2101	13:-54.66796875:1426	14:79.1015625:2948	15:-1.439453125:2032	16:4.955078125:2104	17:-31.552734375:1689	18:55.1953125:2676	19:65.91796875:2798	20:-61.875:1344	21:10.634765625:2169	22:-3.515625:2008
R	2597
T	2613	401	3	1
W	2619	0:-33.57421875:1666	1:0.52734375:2054	2:-9.84375:1936	3:9.931640625:2161	4:18:2253	5:-18:1843	6:67.060546875:2811	7:-68.37890625:1270	8:-10.986328125:1923	9:2.63671875:2078	10:1.845703125:2069	11:-2.724609375:2017	12:2.548828125:2077	13:-41.220703125:1579	14:55.3046875:2677	15:3.603515625:2089	16:-1.0546875:2036	17:-26.015625:1752	18:26.279296875:2347	19:67.587890625:2817	20:-57.568359375:1393	21:4.658203125:2101	22:-5.009765625:1991
R	2620
T	2636	0	4	1
W	2641	0:-33.57421875:1666	1:0.52734375:2054	2:-9.84375:1936	3:9.931640625:2161	4:18:2253	5:-18:1843	6:67.060546875:2811	7:-68.37890625:1270	8:-10.986328125:1923	9:2.63671875:2078	10:1.845703125:2069	11:-2.724609375:2017	12:2.548828125:2077	13:-41.220703125:1579	14:55.3046875:2677	15:3.603515625:2089	16:-1.0546875:2036	17:-26.015625:1752	18:26.279296875:2347	19:67.587890625:2817	20:-57.568359375:1393	21:4.658203125:2101	22:-5.009765625:1991
R	2642
T	2658	5	4	1
W	2675	0:-33.57421875:1666	1:0.52734375:2054	2:-9.84375:1936	3:9.931640625:2161	4:18:2253	5:-18:1843	6:67.060546875:2811	7:-68.37890625:1270	8:-10.986328125:1923	9:2.63671875:2078	10:1.845703125:2069	11:-2.724609375:2017	12:2.548828125:2077	13:-41.220703125:1579	14:55.3046875:2677	15:3.603515625:2089	16:-1.0546875:2036	17:-26.015625:1752	18:26.279296875:2347	19:67.587890625:2817	20:-57.568359375:1393	21:4.658203125:2101	22:-5.009765625:1991
R	2676
T	2692	39	4	1
W	2775	0:-32.34375:1680	1:-0.3515625:2044	2:-8.4375:1952	3:7.55859375:2134	4:18:2253	5:-18:1843	6:74.35546875:2894	7:-76.2890625:1180	8:-10.546875:1928	9:2.4609375:2076	10:0.693359375:2056	11:-3:2014	12:4:2094	13:-89.82421875:1026	14:56:2685	15:-1:2037	16:5:2105	17:-67.236328125:1283	18:32:2412	19:58:2708	20:-68:1274	21:2:2071	22:-12:1911
R	2776
T	2792	139	4	1
W	2798	0:-32.34375:1680	1:-0.3515625:2044	2:-8.4375:1952	3:7.55859375:2134	4:18:2253	5:-18:1843	6:74.35546875:2894	7:-76.2890625:1180	8:-10.546875:1928	9:2.4609375:2076	10:0.693359375:2056	11:-3:2014	12:4:2094	13:-89.82421875:1026	14:56:2685	15:-1:2037	16:5:2105	17:-67.236328125:1283	18:32:2412	19:58:2708	20:-68:1274	21:2:2071	22:-12:1911
W	2799	0:-32.34375:1680	1:-0.3515625:2044	2:-8.4375:1952	3:7.55859375:2134	4:18:2253	5:-18:1843	6:74.35546875:2894	7:-76.2890625:1180	8:-10.546875:1928	9:2.4609375:2076	10:0.693359375:2056	11:-3:2014	12:4:2094	13:-89.82421875:1026	14:56:2685	15:-1:2037	16:5:2105	17:-67.236328125:1283	18:32:2412	19:58:2708	20:-68:1274	21:2:2071	22:-12:1911
R	2800
T	2816	150	4	1
W	2821	0:-32.431640625:1679	1:-0.37353515625:2044	2:-8.63525390625:1950	3:7.822265625:2137	4:18:2253	5:-18:1843	6:73.1689453125:2880	7:-74.94873046875:1195	8:-10.6787109375:1926	9:2.5048828125:2076	10:0.52001953125:2054	11:-3:2014	12:3.75:2091	13:-82.1181640625:1114	14:53.75:2660	15:-2.2204460492503131e-16:2048	16:3.2500000000000004:2085	17:-59.04052734375:1376	18:31.97607421875:2412	19:58.6611328125:2715	20:-69.5:1257	21:2.25:2074	22:-10.142578125:1933
R	2822
T	2838	185	4	1
W	2855	0:-32.602828475825333:1677	1:-0.41633211895633293:2043	2:-9.0204265706069968:1945	3:8.3358291774759952:2143	4:18:2253	5:-18:1843	6:70.857909326358026:2854	7:-72.338115743663693:1225	8:-10.935492713737998:1924	9:2.5904767379126659:2077	10:0.18239904767781789:2050	11:-3:2014	12:3.2630656687635007:2085	13:-67.108793719581186:1284	14:49.367591018871508:2610	15:1.9477373249459973:2070	16:-0.15854031865549523:2046	17:-43.077260254287808:1558	18:31.92947308158088:2411	19:59.948845868152773:2730	20:-72.421605987418999:1224	21:2.7369343312364993:2079	22:-6.5248082108913215:1974
R	2856
T	2872	219	4	1
W	2955	0:-32.6953125:1676	1:-0.439453125:2043	2:-9.228515625:1943	3:8.61328125:2146	4:18:2253	5:-18:1843	6:69.609375:2840	7:-70.927734375:1241	8:-11.07421875:1922	9:2.63671875:2078	10:0:2048	11:-3:2014	12:3:2082	13:-59:1377	14:47:2583	15:3:2082	16:-2:2025	17:-34.453125:1656	18:31.904296875:2411	19:60.64453125:2738	20:-74:1206	21:3:2082	22:-4.5703125:1996
W	2956	0:-32.6953125:1676	1:-0.439453125:2043	2:-9.228515625:1943	3:8.61328125:2146	4:18:2253	5:-18:1843	6:69.609375:2840	7:-70.927734375:1241	8:-11.07421875:1922	9:2.63671875:2078	10:0:2048	11:-3:2014	12:3:2082	13:-59:1377	14:47:2583	15:3:2082	16:-2:2025	17:-34.453125:1656	18:31.904296875:2411	19:60.64453125:2738	20:-74:1206	21:3:2082	22:-4.5703125:1996
R	2957
T	2973	255	4	1
W	2979	0:-32.693909639012674:1676	1:-0.43384168105069998:2043	2:-9.2144870151267497:1943	3:8.5978497791394251:2146	4:18:2253	5:-18:1843	6:69.672503744429619:2841	7:-70.999280285353578:1240	8:-11.067204445063375:1922	9:2.6353158890126749:2078	10:-0.0042085829619750202:2048	11:-3.0068272568049816:2014	12:3.0264673106275319:2082	13:-58.930854540669181:1377	14:47.512387181948306:2589	15:2.9291399327957834:2081	16:-1.8889869338696812:2027	17:-34.406830587418277:1657	18:32.276055036641125:2415	19:60.728702909239502:2739	20:-73.806467533126366:1208	21:3.1218618577656323:2084	22:-4.5534781681520995:1996
R	2980
T	2996	343	4	1
W	3001	0:-32.648030283066277:1677	1:-0.25032425726509344:2045	2:-8.7556934556627333:1948	3:8.0931768637290062:2140	4:18:2253	5:-18:1843	6:71.737074762017699:2864	7:-73.339127438620054:1214	8:-10.837807665331367:1925	9:2.5894365330662734:2077	10:-0.14184665080117992:2046	11:-3.2301067890774697:2011	12:3.8920578261496424:2092	13:-56.669512063133205:1403	14:64.269567056060694:2779	15:0.61172268688087428:2055	16:1.7415994333555682:2068	17:-32.892811841187019:1674	18:44.434084362437559:2554	19:63.4814642660236:2770	20:-67.477155495009441:1280	21:7.1072485776430536:2129	22:-4.0029258967952801:2002
R	3002
T	3018	365	4	1
W	3035	0:-32.607421875:1677	1:-0.087890625:2047	2:-8.349609375:1953	3:7.646484375:2135	4:18:2253	5:-18:1843	6:73.564453125:2885	7:-75.41015625:1190	8:-10.634765625:1927	9:2.548828125:2077	10:-0.263671875:2045	11:-3.427734375:2009	12:4.658203125:2101	13:-54.66796875:1426	14:79.1015625:2948	15:-1.439453125:2032	16:4.955078125:2104	17:-31.552734375:1689	18:55.1953125:2676	19:65.91796875:2798	20:-61.875:1344	21:10.634765625:2169	22:-3.515625:2008
R	3036
T	3052	399	4	1
W	3135	0:-32.607421875:1677	1:-0.087890625:2047	2:-8.349609375:1953	3:7.646484375:2135	4:18:2253	5:-18:1843	6:73.564453125:2885	7:-75.41015625:1190	8:-10.634765625:1927	9:2.548828125:2077	10:-0.263671875:2045	11:-3.427734375:2009	12:4.658203125:2101	13:-54.66796875:1426	14:79.1015625:2948	15:-1.439453125:2032	16:4.955078125:2104	17:-31.552734375:1689	18:55.1953125:2676	19:65.91796875:2798	20:-61.875:1344	21:10.634765625:2169	22:-3.515625:2008
W	3136	0:-32.607421875:1677	1:-0.087890625:2047	2:-8.349609375:1953	3:7.646484375:2135	4:18:2253	5:-18:1843	6:73.564453125:2885	7:-75.41015625:1190	8:-10.634765625:1927	9:2.548828125:2077	10:-0.263671875:2045	11:-3.427734375:2009	12:4.658203125:2101	13:-54.66796875:1426	14:79.1015625:2948	15:-1.439453125:2032	16:4.955078125:2104	17:-31.552734375:1689	18:55.1953125:2676	19:65.91796875:2798	20:-61.875:1344	21:10.634765625:2169	22:-3.515625:2008
R	3137
T	3153	401	4	1
W	3159	0:-33.57421875:1666	1:0.52734375:2054	2:-9.84375:1936	3:9.931640625:2161	4:18:2253	5:-18:1843	6:67.060546875:2811	7:-68.37890625:1270	8:-10.986328125:1923	9:2.63671875:2078	10:1.845703125:2069	11:-2.724609375:2017	12:2.548828125:2077	13:-41.220703125:1579	14:55.3046875:2677	15:3.603515625:2089	16:-1.0546875:2036	17:-26.015625:1752	18:26.279296875:2347	19:67.587890625:2817	20:-57.568359375:1393	21:4.658203125:2101	22:-5.009765625:1991
R	3160
T	3176	0	5	1
W	3181	0:-33.57421875:1666	1:0.52734375:2054	2:-9.84375:1936	3:9.931640625:2161	4:18:2253	5:-18:1843	6:67.060546875:2811	7:-68.37890625:1270	8:-10.986328125:1923	9:2.63671875:2078	10:1.845703125:2069	11:-2.724609375:2017	12:2.548828125:2077	13:-41.220703125:1579	14:55.3046875:2677	15:3.603515625:2089	16:-1.0546875:2036	17:-26.015625:1752	18:26.279296875:2347	19:67.587890625:2817	20:-57.568359375:1393	21:4.658203125:2101	22:-5.009765625:1991
R	3182
T	3198	5	5	1
W	3215	0:-33.57421875:1666	1:0.52734375:2054	2:-9.84375:1936	3:9.931640625:2161	4:18:2253	5:-18:1843	6:67.060546875:2811	7:-68.37890625:1270	8:-10.986328125:1923	9:2.63671875:2078	10:1.845703125:2069	11:-2.724609375:2017	12:2.548828125:2077	13:-41.220703125:1579	14:55.3046875:2677	15:3.603515625:2089	16:-1.0546875:2036	17:-26.015625:1752	18:26.279296875:2347	19:67.587890625:2817	20:-57.568359375:1393	21:4.658203125:2101	22:-5.009765625:1991
R	3216
T	3232	39	5	1
W	3315	0:-32.34375:1680	1:-0.3515625:2044	2:-8.4375:1952	3:7.55859375:2134	4:18:2253	5:-18:1843	6:74.35546875:2894	7:-76.2890625:1180	8:-10.546875:1928	9:2.4609375:2076	10:0.693359375:2056	11:-3:2014	12:4:2094	13:-89.82421875:1026	14:56:2685	15:-1:2037	16:5:2105	17:-67.236328125:1283	18:32:2412	19:58:2708	20:-68:1274	21:2:2071	22:-12:1911
R	3316
T	3332	139	5	1
W	3338	0:-32.34375:1680	1:-0.3515625:2044	2:-8.4375:1952	3:7.55859375:2134	4:18:2253	5:-18:1843	6:74.35546875:2894	7:-76.2890625:1180	8:-10.546875:1928	9:2.4609375:2076	10:0.693359375:2056	11:-3:2014	12:4:2094	13:-89.82421875:1026	14:56:2685	15:-1:2037	16:5:2105	17:-67.236328125:1283	18:32:2412	19:58:2708	20:-68:1274	21:2:2071	22:-12:1911
W	3339	0:-32.34375:1680	1:-0.3515625:2044	2:-8.4375:1952	3:7.55859375:2134	4:18:2253	5:-18:1843	6:74.35546875:2894	7:-76.2890625:1180	8:-10.546875:1928	9:2.4609375:2076	10:0.693359375:2056	11:-3:2014	12:4:2094	13:-89.82421875:1026	14:56:2685	15:-1:2037	16:5:2105	17:-67.236328125:1283	18:32:2412	19:58:2708	20:-68:1274	21:2:2071	22:-12:1911
R	3340
T	3356	150	5	1
W	3361	0:-32.431640625:1679	1:-0.37353515625:2044	2:-8.63525390625:1950	3:7.822265625:2137	4:18:2253	5:-18:1843	6:73.1689453125:2880	7:-74.94873046875:1195	8:-10.6787109375:1926	9:2.5048828125:2076	10:0.52001953125:2054	11:-3:2014	12:3.75:2091	13:-82.1181640625:1114	14:53.75:2660	15:-2.2204460492503131e-16:2048	16:3.2500000000000004:2085	17:-59.04052734375:1376	18:31.97607421875:2412	19:58.6611328125:2715	20:-69.5:1257	21:2.25:2074	22:-10.142578125:1933
R	3362
T	3378	185	5	1
W	3395	0:-32.602828475825333:1677	1:-0.41633211895633293:2043	2:-9.0204265706069968:1945	3:8.3358291774759952:2143	4:18:2253	5:-18:1843	6:70.857909326358026:2854	7:-72.338115743663693:1225	8:-10.935492713737998:1924	9:2.5904767379126659:2077	10:0.18239904767781789:2050	11:-3:2014	12:3.2630656687635007:2085	13:-67.108793719581186:1284	14:49.367591018871508:2610	15:1.9477373249459973:2070	16:-0.15854031865549523:2046	17:-43.077260254287808:1558	18:31.92947308158088:2411	19:59.948845868152773:2730	20:-72.421605987418999:1224	21:2.7369343312364993:2079	22:-6.5248082108913215:1974
R	3396
T	3412	219	5	1
W	3495	0:-32.6953125:1676	1:-0.439453125:2043	2:-9.228515625:1943	3:8.61328125:2146	4:18:2253	5:-18:1843	6:69.609375:2840	7:-70.927734375:1241	8:-11.07421875:1922	9:2.63671875:2078	10:0:2048	11:-3:2014	12:3:2082	13:-59:1377	14:47:2583	15:3:2082	16:-2:2025	17:-34.453125:1656	18:31.904296875:2411	19:60.64453125:2738	20:-74:1206	21:3:2082	22:-4.5703125:1996
W	3496	0:-32.6953125:1676	1:-0.439453125:2043	2:-9.228515625:1943	3:8.61328125:2146	4:18:2253	5:-18:1843	6:69.609375:2840	7:-70.927734375:1241	8:-11.07421875:1922	9:2.63671875:2078	10:0:2048	11:-3:2014	12:3:2082	13:-59:1377	14:47:2583	15:3:2082	16:-2:2025	17:-34.453125:1656	18:31.904296875:2411	19:60.64453125:2738	20:-74:1206	21:3:2082	22:-4.5703125:1996
R	3497
T	3513	255	5	1
W	3519	0:-32.693909639012674:1676	1:-0.43384168105069998:2043	2:-9.2144870151267497:1943	3:8.5978497791394251:2146	4:18:2253	5:-18:1843	6:69.672503744429619:2841	7:-70.999280285353578:1240	8:-11.067204445063375:1922	9:2.6353158890126749:2078	10:-0.0042085829619750202:2048	11:-3.0068272568049816:2014	12:3.0264673106275319:2082	13:-58.930854540669181:1377	14:47.512387181948306:2589	15:2.9291399327957834:2081	16:-1.8889869338696812:2027	17:-34.406830587418277:1657	18:32.276055036641125:2415	19:60.728702909239502:2739	20:-73.806467533126366:1208	21:3.1218618577656323:2084	22:-4.5534781681520995:1996
R	3520
T	3536	343	5	1
W	3541	0:-32.648030283066277:1677	1:-0.25032425726509344:2045	2:-8.7556934556627333:1948	3:8.0931768637290062:2140	4:18:2253	5:-18:1843	6:71.737074762017699:2864	7:-73.339127438620054:1214	8:-10.837807665331367:1925	9:2.5894365330662734:2077	10:-0.14184665080117992:2046	11:-3.2301067890774697:2011	12:3.8920578261496424:2092	13:-56.669512063133205:1403	14:64.269567056060694:2779	15:0.61172268688087428:2055	16:1.7415994333555682:2068	17:-32.892811841187019:1674	18:44.434084362437559:2554	19:63.4814642660236:2770	20:-67.477155495009441:1280	21:7.1072485776430536:2129	22:-4.0029258967952801:2002
R	3542
T	3558	365	5	1
W	3575	0:-32.607421875:1677	1:-0.087890625:2047	2:-8.349609375:1953	3:7.646484375:2135	4:18:2253	5:-18:1843	6:73.564453125:2885	7:-75.41015625:1190	8:-10.634765625:1927	9:2.548828125:2077	10:-0.263671875:2045	11:-3.427734375:2009	12:4.658203125:2101	13:-54.66796875:1426	14:79.1015625:2948	15:-1.439453125:2032	16:4.955078125:2104	17:-31.552734375:1689	18:55.1953125:2676	19:65.91796875:2798	20:-61.875:1344	21:10.634765625:2169	22:-3.515625:2008
R	3576
T	3592	399	5	1
W	3675	0:-32.607421875:1677	1:-0.087890625:2047	2:-8.349609375:1953	3:7.646484375:2135	4:18:2253	5:-18:1843	6:73.564453125:2885	7:-75.41015625:1190	8:-10.634765625:1927	9:2.548828125:2077	10:-0.263671875:2045	11:-3.427734375:2009	12:4.658203125:2101	13:-54.66796875:1426	14:79.1015625:2948	15:-1.439453125:2032	16:4.955078125:2104	17:-31.552734375:1689	18:55.1953125:2676	19:65.91796875:2798	20:-61.875:1344	21:10.634765625:2169	22:-3.515625:2008
W	3676	0:-32.607421875:1677	1:-0.087890625:2047	2:-8.349609375:1953	3:7.646484375:2135	4:18:2253	5:-18:1843	6:73.564453125:2885	7:-75.41015625:1190	8:-10.634765625:1927	9:2.548828125:2077	10:-0.263671875:2045	11:-3.427734375:2009	12:4.658203125:2101	13:-54.66796875:1426	14:79.1015625:2948	15:-1.439453125:2032	16:4.955078125:2104	17:-31.552734375:1689	18:55.1953125:2676	19:65.91796875:2798	20:-61.875:1344	21:10.634765625:2169	22:-3.515625:2008
R	3677
T	3693	401	5	1
W	3699	0:-33.57421875:1666	1:0.52734375:2054	2:-9.84375:1936	3:9.931640625:2161	4:18:2253	5:-18:1843	6:67.060546875:2811	7:-68.37890625:1270	8:-10.986328125:1923	9:2.63671875:2078	10:1.845703125:2069	11:-2.724609375:2017	12:2.548828125:2077	13:-41.220703125:1579	14:55.3046875:2677	15:3.603515625:2089	16:-1.0546875:2036	17:-26.015625:1752	18:26.279296875:2347	19:67.587890625:2817	20:-57.568359375:1393	21:4.658203125:2101	22:-5.009765625:1991
R	3700
T	3716	0	6	1
W	3721	0:-33.57421875:1666	1:0.52734375:2054	2:-9.84375:1936	3:9.931640625:2161	4:18:2253	5:-18:1843	6:67.060546875:2811	7:-68.37890625:1270	8:-10.986328125:1923	9:2.63671875:2078	10:1.845703125:2069	11:-2.724609375:2017	12:2.548828125:2077	13:-41.220703125:1579	14:55.3046875:2677	15:3.603515625:2089	16:-1.0546875:2036	17:-26.015625:1752	18:26.279296875:2347	19:67.587890625:2817	20:-57.568359375:1393	21:4.658203125:2101	22:-5.009765625:1991
R	3722
T	3738	5	6	1
W	3755	0:-33.57421875:1666	1:0.52734375:2054	2:-9.84375:1936	3:9.931640625:2161	4:18:2253	5:-18:1843	6:67.060546875:2811	7:-68.37890625:1270	8:-10.986328125:1923	9:2.63671875:2078	10:1.845703125:2069	11:-2.724609375:2017	12:2.548828125:2077	13:-41.220703125:1579	14:55.3046875:2677	15:3.603515625:2089	16:-1.0546875:2036	17:-26.015625:1752	18:26.279296875:2347	19:67.587890625:2817	20:-57.568359375:1393	21:4.658203125:2101	22:-5.009765625:1991
R	3756
T	3772	39	6	1
W	3855	0:-32.34375:1680	1:-0.3515625:2044	2:-8.4375:1952	3:7.55859375:2134	4:18:2253	5:-18:1843	6:74.35546875:2894	7:-76.2890625:1180	8:-10.546875:1928	9:2.4609375:2076	10:0.693359375:2056	11:-3:2014	12:4:2094	13:-89.82421875:1026	14:56:2685	15:-1:2037	16:5:2105	17:-67.236328125:1283	18:32:2412	19:58:2708	20:-68:1274	21:2:2071	22:-12:1911
R	3856
T	3872	139	6	1
W	3878	0:-32.34375:1680	1:-0.3515625:2044	2:-8.4375:1952	3:7.55859375:2134	4:18:2253	5:-18:1843	6:74.35546875:2894	7:-76.2890625:1180	8:-10.546875:1928	9:2.4609375:2076	10:0.693359375:2056	11:-3:2014	12:4:2094	13:-89.82421875:1026	14:56:2685	15:-1:2037	16:5:2105	17:-67.236328125:1283	18:32:2412	19:58:2708	20:-68:1274	21:2:2071	22:-12:1911
W	3879	0:-32.34375:1680	1:-0.3515625:2044	2:-8.4375:1952	3:7.55859375:2134	4:18:2253	5:-18:1843	6:74.35546875:2894	7:-76.2890625:1180	8:-10.546875:1928	9:2.4609375:2076	10:0.693359375:2056	11:-3:2014	12:4:2094	13:-89.82421875:1026	14:56:2685	15:-1:2037	16:5:2105	17:-67.236328125:1283	18:32:2412	19:58:2708	20:-68:1274	21:2:2071	22:-12:1911
R	3880
T	3896	150	6	1
W	3901	0:-32.431640625:1679	1:-0.37353515625:2044	2:-8.63525390625:1950	3:7.822265625:2137	4:18:2253	5:-18:1843	6:73.1689453125:2880	7:-74.94873046875:1195	8:-10.6787109375:1926	9:2.5048828125:2076	10:0.52001953125:2054	11:-3:2014	12:3.75:2091	13:-82.1181640625:1114	14:53.75:2660	15:-2.2204460492503131e-16:2048	16:3.2500000000000004:2085	17:-59.04052734375:1376	18:31.97607421875:2412	19:58.6611328125:2715	20:-69.5:1257	21:2.25:2074	22:-10.142578125:1933
R	3902
T	3918	185	6	1
W	3935	0:-32.602828475825333:1677	1:-0.41633211895633293:2043	2:-9.0204265706069968:1945	3:8.3358291774759952:2143	4:18:2253	5:-18:1843	6:70.857909326358026:2854	7:-72.338115743663693:1225	8:-10.935492713737998:1924	9:2.5904767379126659:2077	10:0.18239904767781789:2050	11:-3:2014	12:3.2630656687635007:2085	13:-67.108793719581186:1284	14:49.367591018871508:2610	15:1.9477373249459973:2070	16:-0.15854031865549523:2046	17:-43.077260254287808:1558	18:31.92947308158088:2411	19:59.948845868152773:2730	20:-72.421605987418999:1224	21:2.7369343312364993:2079	22:-6.5248082108913215:1974
R	3936
T	3952	219	6	1
W	4035	0:-32.6953125:1676	1:-0.439453125:2043	2:-9.228515625:1943	3:8.61328125:2146	4:18:2253	5:-18:1843	6:69.609375:2840	7:-70.927734375:1241	8:-11.07421875:1922	9:2.63671875:2078	10:0:2048	11:-3:2014	12:3:2082	13:-59:1377	14:47:2583	15:3:2082	16:-2:2025	17:-34.453125:1656	18:31.904296875:2411	19:60.64453125:2738	20:-74:1206	21:3:2082	22:-4.5703125:1996
W	4036	0:-32.6953125:1676	1:-0.439453125:2043	2:-9.228515625:1943	3:8.61328125:2146	4:18:2253	5:-18:1843	6:69.609375:2840	7:-70.927734375:1241	8:-11.07421875:1922	9:2.63671875:2078	10:0:2048	11:-3:2014	12:3:2082	13:-59:1377	14:47:2583	15:3:2082	16:-2:2025	17:-34.453125:1656	18:31.904296875:2411	19:60.64453125:2738	20:-74:1206	21:3:2082	22:-4.5703125:1996
R	4037
T	4053	255	6	1
W	4059	0:-32.693909639012674:1676	1:-0.43384168105069998:2043	2:-9.2144870151267497:1943	3:8.5978497791394251:2146	4:18:2253	5:-18:1843	6:69.672503744429619:2841	7:-70.999280285353578:1240	8:-11.067204445063375:1922	9:2.6353158890126749:2078	10:-0.0042085829619750202:2048	11:-3.0068272568049816:2014	12:3.0264673106275319:2082	13:-58.930854540669181:1377	14:47.512387181948306:2589	15:2.9291399327957834:2081	16:-1.8889869338696812:2027	17:-34.406830587418277:1657	18:32.276055036641125:2415	19:60.728702909239502:2739	20:-73.806467533126366:1208	21:3.1218618577656323:2084	22:-4.5534781681520995:1996
R	4060
T	4076	343	6	1
W	4081	0:-32.648030283066277:1677	1:-0.25032425726509344:2045	2:-8.7556934556627333:1948	3:8.0931768637290062:2140	4:18:2253	5:-18:1843	6:71.737074762017699:2864	7:-73.339127438620054:1214	8:-10.837807665331367:1925	9:2.5894365330662734:2077	10:-0.14184665080117992:2046	11:-3.2301067890774697:2011	12:3.8920578261496424:2092	13:-56.669512063133205:1403	14:64.269567056060694:2779	15:0.61172268688087428:2055	16:1.7415994333555682:2068	17:-32.892811841187019:1674	18:44.434084362437559:2554	19:63.4814642660236:2770	20:-67.477155495009441:1280	21:7.1072485776430536:2129	22:-4.0029258967952801:2002
R	4082
T	4098	365	6	1
W	4115	0:-32.607421875:1677	1:-0.087890625:2047	2:-8.349609375:1953	3:7.646484375:2135	4:18:2253	5:-18:1843	6:73.564453125:2885	7:-75.41015625:1190	8:-10.634765625:1927	9:2.548828125:2077	10:-0.263671875:2045	11:-3.427734375:2009	12:4.658203125:2101	13:-54.66796875:1426	14:79.1015625:2948	15:-1.439453125:2032	16:4.955078125:2104	17:-31.552734375:1689	18:55.1953125:2676	19:65.91796875:2798	20:-61.875:1344	21:10.634765625:2169	22:-3.515625:2008
R	4116
T	4132	399	6	1
W	4215	0:-32.607421875:1677	1:-0.087890625:2047	2:-8.349609375:1953	3:7.646484375:2135	4:18:2253	5:-18:1843	6:73.564453125:2885	7:-75.41015625:1190	8:-10.634765625:1927	9:2.548828125:2077	10:-0.263671875:2045	11:-3.427734375:2009	12:4.658203125:2101	13:-54.66796875:1426	14:79.1015625:2948	15:-1.439453125:2032	16:4.955078125:2104	17:-31.552734375:1689	18:55.1953125:2676	19:65.91796875:2798	20:-61.875:1344	21:10.634765625:2169	22:-3.515625:2008
W	4216	0:-32.607421875:1677	1:-0.087890625:2047	2:-8.349609375:1953	3:7.646484375:2135	4:18:2253	5:-18:1843	6:73.564453125:2885	7:-75.41015625:1190	8:-10.634765625:1927	9:2.548828125:2077	10:-0.263671875:2045	11:-3.427734375:2009	12:4.658203125:2101	13:-54.66796875:1426	14:79.1015625:2948	15:-1.439453125:2032	16:4.955078125:2104	17:-31.552734375:1689	18:55.1953125:2676	19:65.91796875:2798	20:-61.875:1344	21:10.634765625:2169	22:-3.515625:2008
R	4217
T	4233	401	6	1
W	4239	0:-33.57421875:1666	1:0.52734375:2054	2:-9.84375:1936	3:9.931640625:2161	4:18:2253	5:-18:1843	6:67.060546875:2811	7:-68.37890625:1270	8:-10.986328125:1923	9:2.63671875:2078	10:1.845703125:2069	11:-2.724609375:2017	12:2.548828125:2077	13:-41.220703125:1579	14:55.3046875:2677	15:3.603515625:2089	16:-1.0546875:2036	17:-26.015625:1752	18:26.279296875:2347	19:67.587890625:2817	20:-57.568359375:1393	21:4.658203125:2101	22:-5.009765625:1991
R	4240
C	4256	1
T	4256	513	6	0
