run,motion,event,begin_ms,end_ms,duration_ms,timeline_ms,repeat,frame,success,deg_0,deg_1,deg_2,deg_3,deg_4,deg_5,deg_6,deg_7,deg_8,deg_9,deg_10,deg_11,deg_12,deg_13,deg_14,deg_15,deg_16,deg_17,deg_18,deg_19,deg_20,deg_21,deg_22,raw_0,raw_1,raw_2,raw_3,raw_4,raw_5,raw_6,raw_7,raw_8,raw_9,raw_10,raw_11,raw_12,raw_13,raw_14,raw_15,raw_16,raw_17,raw_18,raw_19,raw_20,raw_21,raw_22
1,"건전진45도(6회)",initial,1000,1016,16,0,1,-1,1,-3,-2.75,-2.5,-2.25,-2,-1.75,-1.5,-1.25,-1,-0.75,-0.5,-0.25,0,0.25,0.5,0.75,1,1.25,1.5,1.75,2,2.25,2.5,2014,2017,2020,2022,2025,2028,2031,2034,2037,2039,2042,2045,2048,2051,2054,2057,2059,2062,2065,2068,2071,2074,2076
1,"건전진45도(6회)",planned,1021,1021,0,5,1,-1,1,-3,-2.75,-2.5,-2.25,-2,-1.75,-1.5,-1.25,-1,-0.75,-0.5,-0.25,0,0.25,0.5,0.75,1,1.25,1.5,1.75,2,2.25,2.5,2014,2017,2020,2022,2025,2028,2031,2034,2037,2039,2042,2045,2048,2051,2054,2057,2059,2062,2065,2068,2071,2074,2076
1,"건전진45도(6회)",sample,1021,1022,1,5,1,-1,1,-3,-2.75,-2.5,-2.25,-2,-1.75,-1.5,-1.25,-1,-0.75,-0.5,-0.25,0,0.25,0.5,0.75,1,1.25,1.5,1.75,2,2.25,2.5,2014,2017,2020,2022,2025,2028,2031,2034,2037,2039,2042,2045,2048,2051,2054,2057,2059,2062,2065,2068,2071,2074,2076
1,"건전진45도(6회)",feedback,1022,1038,16,5,1,-1,1,-3,-2.75,-2.5,-2.25,-2,-1.75,-1.5,-1.25,-1,-0.75,-0.5,-0.25,0,0.25,0.5,0.75,1,1.25,1.5,1.75,2,2.25,2.5,2014,2017,2020,2022,2025,2028,2031,2034,2037,2039,2042,2045,2048,2051,2054,2057,2059,2062,2065,2068,2071,2074,2076
1,"건전진45도(6회)",planned,1055,1055,0,39,1,-1,1,-3,-2.75,-2.5,-2.25,-2,-1.75,-1.5,-1.25,-1,-0.75,-0.5,-0.25,0,0.25,0.5,0.75,1,1.25,1.5,1.75,2,2.25,2.5,2014,2017,2020,2022,2025,2028,2031,2034,2037,2039,2042,2045,2048,2051,2054,2057,2059,2062,2065,2068,2071,2074,2076
1,"건전진45도(6회)",sample,1055,1056,1,39,1,-1,1,-3,-2.75,-2.5,-2.25,-2,-1.75,-1.5,-1.25,-1,-0.75,-0.5,-0.25,0,0.25,0.5,0.75,1,1.25,1.5,1.75,2,2.25,2.5,2014,2017,2020,2022,2025,2028,2031,2034,2037,2039,2042,2045,2048,2051,2054,2057,2059,2062,2065,2068,2071,2074,2076
1,"건전진45도(6회)",feedback,1056,1072,16,39,1,-1,1,-3,-2.75,-2.5,-2.25,-2,-1.75,-1.5,-1.25,-1,-0.75,-0.5,-0.25,0,0.25,0.5,0.75,1,1.25,1.5,1.75,2,2.25,2.5,2014,2017,2020,2022,2025,2028,2031,2034,2037,2039,2042,2045,2048,2051,2054,2057,2059,2062,2065,2068,2071,2074,2076
1,"건전진45도(6회)",planned,1155,1155,0,139,1,0,1,-32.34375,-0.3515625,-8.4375,7.55859375,18,-18,74.35546875,-76.2890625,-10.546875,2.4609375,0.693359375,-3,4,-89.82421875,56,-1,5,-67.236328125,32,58,-68,2,-12,1680,2044,1952,2134,2253,1843,2894,1180,1928,2076,2056,2014,2094,1026,2685,2037,2105,1283,2412,2708,1274,2071,1911
1,"건전진45도(6회)",sample,1155,1156,1,139,1,0,1,-32.34375,-0.3515625,-8.4375,7.55859375,18,-18,74.35546875,-76.2890625,-10.546875,2.4609375,0.693359375,-3,4,-89.82421875,56,-1,5,-67.236328125,32,58,-68,2,-12,1680,2044,1952,2134,2253,1843,2894,1180,1928,2076,2056,2014,2094,1026,2685,2037,2105,1283,2412,2708,1274,2071,1911
1,"건전진45도(6회)",feedback,1156,1172,16,139,1,0,1,-3,-2.75,-2.5,-2.25,-2,-1.75,-1.5,-1.25,-1,-0.75,-0.5,-0.25,0,0.25,0.5,0.75,1,1.25,1.5,1.75,2,2.25,2.5,2014,2017,2020,2022,2025,2028,2031,2034,2037,2039,2042,2045,2048,2051,2054,2057,2059,2062,2065,2068,2071,2074,2076
1,"건전진45도(6회)",endpoint,1178,1179,1,150,1,0,1,-32.34375,-0.3515625,-8.4375,7.55859375,18,-18,74.35546875,-76.2890625,-10.546875,2.4609375,0.693359375,-3,4,-89.82421875,56,-1,5,-67.236328125,32,58,-68,2,-12,1680,2044,1952,2134,2253,1843,2894,1180,1928,2076,2056,2014,2094,1026,2685,2037,2105,1283,2412,2708,1274,2071,1911
1,"건전진45도(6회)",planned,1179,1179,0,150,1,1,1,-32.34375,-0.3515625,-8.4375,7.55859375,18,-18,74.35546875,-76.2890625,-10.546875,2.4609375,0.693359375,-3,4,-89.82421875,56,-1,5,-67.236328125,32,58,-68,2,-12,1680,2044,1952,2134,2253,1843,2894,1180,1928,2076,2056,2014,2094,1026,2685,2037,2105,1283,2412,2708,1274,2071,1911
1,"건전진45도(6회)",sample,1179,1180,1,150,1,1,1,-32.34375,-0.3515625,-8.4375,7.55859375,18,-18,74.35546875,-76.2890625,-10.546875,2.4609375,0.693359375,-3,4,-89.82421875,56,-1,5,-67.236328125,32,58,-68,2,-12,1680,2044,1952,2134,2253,1843,2894,1180,1928,2076,2056,2014,2094,1026,2685,2037,2105,1283,2412,2708,1274,2071,1911
1,"건전진45도(6회)",feedback,1180,1196,16,150,1,1,1,-3,-2.75,-2.5,-2.25,-2,-1.75,-1.5,-1.25,-1,-0.75,-0.5,-0.25,0,0.25,0.5,0.75,1,1.25,1.5,1.75,2,2.25,2.5,2014,2017,2020,2022,2025,2028,2031,2034,2037,2039,2042,2045,2048,2051,2054,2057,2059,2062,2065,2068,2071,2074,2076
1,"건전진45도(6회)",planned,1201,1201,0,185,1,1,1,-32.431640625,-0.37353515625,-8.63525390625,7.822265625,18,-18,73.1689453125,-74.94873046875,-10.6787109375,2.5048828125,0.52001953125,-3,3.75,-82.1181640625,53.75,-2.2204460492503131e-16,3.2500000000000004,-59.04052734375,31.97607421875,58.6611328125,-69.5,2.25,-10.142578125,1679,2044,1950,2137,2253,1843,2880,1195,1926,2076,2054,2014,2091,1114,2660,2048,2085,1376,2412,2715,1257,2074,1933
1,"건전진45도(6회)",sample,1201,1202,1,185,1,1,1,-32.431640625,-0.37353515625,-8.63525390625,7.822265625,18,-18,73.1689453125,-74.94873046875,-10.6787109375,2.5048828125,0.52001953125,-3,3.75,-82.1181640625,53.75,-2.2204460492503131e-16,3.2500000000000004,-59.04052734375,31.97607421875,58.6611328125,-69.5,2.25,-10.142578125,1679,2044,1950,2137,2253,1843,2880,1195,1926,2076,2054,2014,2091,1114,2660,2048,2085,1376,2412,2715,1257,2074,1933
1,"건전진45도(6회)",feedback,1202,1218,16,185,1,1,1,-3,-2.75,-2.5,-2.25,-2,-1.75,-1.5,-1.25,-1,-0.75,-0.5,-0.25,0,0.25,0.5,0.75,1,1.25,1.5,1.75,2,2.25,2.5,2014,2017,2020,2022,2025,2028,2031,2034,2037,2039,2042,2045,2048,2051,2054,2057,2059,2062,2065,2068,2071,2074,2076
1,"건전진45도(6회)",planned,1235,1235,0,219,1,1,1,-32.602828475825333,-0.41633211895633293,-9.0204265706069968,8.3358291774759952,18,-18,70.857909326358026,-72.338115743663693,-10.935492713737998,2.5904767379126659,0.18239904767781789,-3,3.2630656687635007,-67.108793719581186,49.367591018871508,1.9477373249459973,-0.15854031865549523,-43.077260254287808,31.92947308158088,59.948845868152773,-72.421605987418999,2.7369343312364993,-6.5248082108913215,1677,2043,1945,2143,2253,1843,2854,1225,1924,2077,2050,2014,2085,1284,2610,2070,2046,1558,2411,2730,1224,2079,1974
1,"건전진45도(6회)",sample,1235,1236,1,219,1,1,1,-32.602828475825333,-0.41633211895633293,-9.0204265706069968,8.3358291774759952,18,-18,70.857909326358026,-72.338115743663693,-10.935492713737998,2.5904767379126659,0.18239904767781789,-3,3.2630656687635007,-67.108793719581186,49.367591018871508,1.9477373249459973,-0.15854031865549523,-43.077260254287808,31.92947308158088,59.948845868152773,-72.421605987418999,2.7369343312364993,-6.5248082108913215,1677,2043,1945,2143,2253,1843,2854,1225,1924,2077,2050,2014,2085,1284,2610,2070,2046,1558,2411,2730,1224,2079,1974
1,"건전진45도(6회)",feedback,1236,1252,16,219,1,1,1,-3,-2.75,-2.5,-2.25,-2,-1.75,-1.5,-1.25,-1,-0.75,-0.5,-0.25,0,0.25,0.5,0.75,1,1.25,1.5,1.75,2,2.25,2.5,2014,2017,2020,2022,2025,2028,2031,2034,2037,2039,2042,2045,2048,2051,2054,2057,2059,2062,2065,2068,2071,2074,2076
1,"건전진45도(6회)",endpoint,1335,1336,1,255,1,1,1,-32.6953125,-0.439453125,-9.228515625,8.61328125,18,-18,69.609375,-70.927734375,-11.07421875,2.63671875,0,-3,3,-59,47,3,-2,-34.453125,31.904296875,60.64453125,-74,3,-4.5703125,1676,2043,1943,2146,2253,1843,2840,1241,1922,2078,2048,2014,2082,1377,2583,2082,2025,1656,2411,2738,1206,2082,1996
1,"건전진45도(6회)",planned,1336,1336,0,255,1,-1,1,-32.6953125,-0.439453125,-9.228515625,8.61328125,18,-18,69.609375,-70.927734375,-11.07421875,2.63671875,0,-3,3,-59,47,3,-2,-34.453125,31.904296875,60.64453125,-74,3,-4.5703125,1676,2043,1943,2146,2253,1843,2840,1241,1922,2078,2048,2014,2082,1377,2583,2082,2025,1656,2411,2738,1206,2082,1996
1,"건전진45도(6회)",sample,1336,1337,1,255,1,-1,1,-32.6953125,-0.439453125,-9.228515625,8.61328125,18,-18,69.609375,-70.927734375,-11.07421875,2.63671875,0,-3,3,-59,47,3,-2,-34.453125,31.904296875,60.64453125,-74,3,-4.5703125,1676,2043,1943,2146,2253,1843,2840,1241,1922,2078,2048,2014,2082,1377,2583,2082,2025,1656,2411,2738,1206,2082,1996
1,"건전진45도(6회)",feedback,1337,1353,16,255,1,-1,1,-3,-2.75,-2.5,-2.25,-2,-1.75,-1.5,-1.25,-1,-0.75,-0.5,-0.25,0,0.25,0.5,0.75,1,1.25,1.5,1.75,2,2.25,2.5,2014,2017,2020,2022,2025,2028,2031,2034,2037,2039,2042,2045,2048,2051,2054,2057,2059,2062,2065,2068,2071,2074,2076
1,"건전진45도(6회)",planned,1359,1359,0,343,1,2,1,-32.693909639012674,-0.43384168105069998,-9.2144870151267497,8.5978497791394251,18,-18,69.672503744429619,-70.999280285353578,-11.067204445063375,2.6353158890126749,-0.0042085829619750202,-3.0068272568049816,3.0264673106275319,-58.930854540669181,47.512387181948306,2.9291399327957834,-1.8889869338696812,-34.406830587418277,32.276055036641125,60.728702909239502,-73.806467533126366,3.1218618577656323,-4.5534781681520995,1676,2043,1943,2146,2253,1843,2841,1240,1922,2078,2048,2014,2082,1377,2589,2081,2027,1657,2415,2739,1208,2084,1996
1,"건전진45도(6회)",sample,1359,1360,1,343,1,2,1,-32.693909639012674,-0.43384168105069998,-9.2144870151267497,8.5978497791394251,18,-18,69.672503744429619,-70.999280285353578,-11.067204445063375,2.6353158890126749,-0.0042085829619750202,-3.0068272568049816,3.0264673106275319,-58.930854540669181,47.512387181948306,2.9291399327957834,-1.8889869338696812,-34.406830587418277,32.276055036641125,60.728702909239502,-73.806467533126366,3.1218618577656323,-4.5534781681520995,1676,2043,1943,2146,2253,1843,2841,1240,1922,2078,2048,2014,2082,1377,2589,2081,2027,1657,2415,2739,1208,2084,1996
1,"건전진45도(6회)",feedback,1360,1376,16,343,1,2,1,-3,-2.75,-2.5,-2.25,-2,-1.75,-1.5,-1.25,-1,-0.75,-0.5,-0.25,0,0.25,0.5,0.75,1,1.25,1.5,1.75,2,2.25,2.5,2014,2017,2020,2022,2025,2028,2031,2034,2037,2039,2042,2045,2048,2051,2054,2057,2059,2062,2065,2068,2071,2074,2076
1,"건전진45도(6회)",planned,1381,1381,0,365,1,2,1,-32.648030283066277,-0.25032425726509344,-8.7556934556627333,8.0931768637290062,18,-18,71.737074762017699,-73.339127438620054,-10.837807665331367,2.5894365330662734,-0.14184665080117992,-3.2301067890774697,3.8920578261496424,-56.669512063133205,64.269567056060694,0.61172268688087428,1.7415994333555682,-32.892811841187019,44.434084362437559,63.4814642660236,-67.477155495009441,7.1072485776430536,-4.0029258967952801,1677,2045,1948,2140,2253,1843,2864,1214,1925,2077,2046,2011,2092,1403,2779,2055,2068,1674,2554,2770,1280,2129,2002
1,"건전진45도(6회)",sample,1381,1382,1,365,1,2,1,-32.648030283066277,-0.25032425726509344,-8.7556934556627333,8.0931768637290062,18,-18,71.737074762017699,-73.339127438620054,-10.837807665331367,2.5894365330662734,-0.14184665080117992,-3.2301067890774697,3.8920578261496424,-56.669512063133205,64.269567056060694,0.61172268688087428,1.7415994333555682,-32.892811841187019,44.434084362437559,63.4814642660236,-67.477155495009441,7.1072485776430536,-4.0029258967952801,1677,2045,1948,2140,2253,1843,2864,1214,1925,2077,2046,2011,2092,1403,2779,2055,2068,1674,2554,2770,1280,2129,2002
1,"건전진45도(6회)",feedback,1382,1398,16,365,1,2,1,-3,-2.75,-2.5,-2.25,-2,-1.75,-1.5,-1.25,-1,-0.75,-0.5,-0.25,0,0.25,0.5,0.75,1,1.25,1.5,1.75,2,2.25,2.5,2014,2017,2020,2022,2025,2028,2031,2034,2037,2039,2042,2045,2048,2051,2054,2057,2059,2062,2065,2068,2071,2074,2076
1,"건전진45도(6회)",planned,1415,1415,0,399,1,2,1,-32.607421875,-0.087890625,-8.349609375,7.646484375,18,-18,73.564453125,-75.41015625,-10.634765625,2.548828125,-0.263671875,-3.427734375,4.658203125,-54.66796875,79.1015625,-1.439453125,4.955078125,-31.552734375,55.1953125,65.91796875,-61.875,10.634765625,-3.515625,1677,2047,1953,2135,2253,1843,2885,1190,1927,2077,2045,2009,2101,1426,2948,2032,2104,1689,2676,2798,1344,2169,2008
1,"건전진45도(6회)",sample,1415,1416,1,399,1,2,1,-32.607421875,-0.087890625,-8.349609375,7.646484375,18,-18,73.564453125,-75.41015625,-10.634765625,2.548828125,-0.263671875,-3.427734375,4.658203125,-54.66796875,79.1015625,-1.439453125,4.955078125,-31.552734375,55.1953125,65.91796875,-61.875,10.634765625,-3.515625,1677,2047,1953,2135,2253,1843,2885,1190,1927,2077,2045,2009,2101,1426,2948,2032,2104,1689,2676,2798,1344,2169,2008
1,"건전진45도(6회)",feedback,1416,1432,16,399,1,2,1,-3,-2.75,-2.5,-2.25,-2,-1.75,-1.5,-1.25,-1,-0.75,-0.5,-0.25,0,0.25,0.5,0.75,1,1.25,1.5,1.75,2,2.25,2.5,2014,2017,2020,2022,2025,2028,2031,2034,2037,2039,2042,2045,2048,2051,2054,2057,2059,2062,2065,2068,2071,2074,2076
1,"건전진45도(6회)",endpoint,1515,1516,1,401,1,2,1,-32.607421875,-0.087890625,-8.349609375,7.646484375,18,-18,73.564453125,-75.41015625,-10.634765625,2.548828125,-0.263671875,-3.427734375,4.658203125,-54.66796875,79.1015625,-1.439453125,4.955078125,-31.552734375,55.1953125,65.91796875,-61.875,10.634765625,-3.515625,1677,2047,1953,2135,2253,1843,2885,1190,1927,2077,2045,2009,2101,1426,2948,2032,2104,1689,2676,2798,1344,2169,2008
1,"건전진45도(6회)",planned,1516,1516,0,401,1,-1,1,-32.607421875,-0.087890625,-8.349609375,7.646484375,18,-18,73.564453125,-75.41015625,-10.634765625,2.548828125,-0.263671875,-3.427734375,4.658203125,-54.66796875,79.1015625,-1.439453125,4.955078125,-31.552734375,55.1953125,65.91796875,-61.875,10.634765625,-3.515625,1677,2047,1953,2135,2253,1843,2885,1190,1927,2077,2045,2009,2101,1426,2948,2032,2104,1689,2676,2798,1344,2169,2008
1,"건전진45도(6회)",sample,1516,1517,1,401,1,-1,1,-32.607421875,-0.087890625,-8.349609375,7.646484375,18,-18,73.564453125,-75.41015625,-10.634765625,2.548828125,-0.263671875,-3.427734375,4.658203125,-54.66796875,79.1015625,-1.439453125,4.955078125,-31.552734375,55.1953125,65.91796875,-61.875,10.634765625,-3.515625,1677,2047,1953,2135,2253,1843,2885,1190,1927,2077,2045,2009,2101,1426,2948,2032,2104,1689,2676,2798,1344,2169,2008
1,"건전진45도(6회)",feedback,1517,1533,16,401,1,-1,1,-3,-2.75,-2.5,-2.25,-2,-1.75,-1.5,-1.25,-1,-0.75,-0.5,-0.25,0,0.25,0.5,0.75,1,1.25,1.5,1.75,2,2.25,2.5,2014,2017,2020,2022,2025,2028,2031,2034,2037,2039,2042,2045,2048,2051,2054,2057,2059,2062,2065,2068,2071,2074,2076
1,"건전진45도(6회)",planned,1539,1539,0,513,1,3,1,-33.57421875,0.52734375,-9.84375,9.931640625,18,-18,67.060546875,-68.37890625,-10.986328125,2.63671875,1.845703125,-2.724609375,2.548828125,-41.220703125,55.3046875,3.603515625,-1.0546875,-26.015625,26.279296875,67.587890625,-57.568359375,4.658203125,-5.009765625,1666,2054,1936,2161,2253,1843,2811,1270,1923,2078,2069,2017,2077,1579,2677,2089,2036,1752,2347,2817,1393,2101,1991
1,"건전진45도(6회)",sample,1539,1540,1,513,1,3,1,-33.57421875,0.52734375,-9.84375,9.931640625,18,-18,67.060546875,-68.37890625,-10.986328125,2.63671875,1.845703125,-2.724609375,2.548828125,-41.220703125,55.3046875,3.603515625,-1.0546875,-26.015625,26.279296875,67.587890625,-57.568359375,4.658203125,-5.009765625,1666,2054,1936,2161,2253,1843,2811,1270,1923,2078,2069,2017,2077,1579,2677,2089,2036,1752,2347,2817,1393,2101,1991
1,"건전진45도(6회)",feedback,1540,1556,16,513,1,3,1,-3,-2.75,-2.5,-2.25,-2,-1.75,-1.5,-1.25,-1,-0.75,-0.5,-0.25,0,0.25,0.5,0.75,1,1.25,1.5,1.75,2,2.25,2.5,2014,2017,2020,2022,2025,2028,2031,2034,2037,2039,2042,2045,2048,2051,2054,2057,2059,2062,2065,2068,2071,2074,2076
1,"건전진45도(6회)",repeat,1556,1556,0,513,1,3,1,,,,,,,,,,,,,,,,,,,,,,,,,,,,,,,,,,,,,,,,,,,,,,
1,"건전진45도(6회)",planned,1561,1561,0,5,2,-1,1,-33.57421875,0.52734375,-9.84375,9.931640625,18,-18,67.060546875,-68.37890625,-10.986328125,2.63671875,1.845703125,-2.724609375,2.548828125,-41.220703125,55.3046875,3.603515625,-1.0546875,-26.015625,26.279296875,67.587890625,-57.568359375,4.658203125,-5.009765625,1666,2054,1936,2161,2253,1843,2811,1270,1923,2078,2069,2017,2077,1579,2677,2089,2036,1752,2347,2817,1393,2101,1991
1,"건전진45도(6회)",sample,1561,1562,1,5,2,-1,1,-33.57421875,0.52734375,-9.84375,9.931640625,18,-18,67.060546875,-68.37890625,-10.986328125,2.63671875,1.845703125,-2.724609375,2.548828125,-41.220703125,55.3046875,3.603515625,-1.0546875,-26.015625,26.279296875,67.587890625,-57.568359375,4.658203125,-5.009765625,1666,2054,1936,2161,2253,1843,2811,1270,1923,2078,2069,2017,2077,1579,2677,2089,2036,1752,2347,2817,1393,2101,1991
1,"건전진45도(6회)",feedback,1562,1578,16,5,2,-1,1,-3,-2.75,-2.5,-2.25,-2,-1.75,-1.5,-1.25,-1,-0.75,-0.5,-0.25,0,0.25,0.5,0.75,1,1.25,1.5,1.75,2,2.25,2.5,2014,2017,2020,2022,2025,2028,2031,2034,2037,2039,2042,2045,2048,2051,2054,2057,2059,2062,2065,2068,2071,2074,2076
1,"건전진45도(6회)",planned,1595,1595,0,39,2,-1,1,-33.57421875,0.52734375,-9.84375,9.931640625,18,-18,67.060546875,-68.37890625,-10.986328125,2.63671875,1.845703125,-2.724609375,2.548828125,-41.220703125,55.3046875,3.603515625,-1.0546875,-26.015625,26.279296875,67.587890625,-57.568359375,4.658203125,-5.009765625,1666,2054,1936,2161,2253,1843,2811,1270,1923,2078,2069,2017,2077,1579,2677,2089,2036,1752,2347,2817,1393,2101,1991
1,"건전진45도(6회)",sample,1595,1596,1,39,2,-1,1,-33.57421875,0.52734375,-9.84375,9.931640625,18,-18,67.060546875,-68.37890625,-10.986328125,2.63671875,1.845703125,-2.724609375,2.548828125,-41.220703125,55.3046875,3.603515625,-1.0546875,-26.015625,26.279296875,67.587890625,-57.568359375,4.658203125,-5.009765625,1666,2054,1936,2161,2253,1843,2811,1270,1923,2078,2069,2017,2077,1579,2677,2089,2036,1752,2347,2817,1393,2101,1991
1,"건전진45도(6회)",feedback,1596,1612,16,39,2,-1,1,-3,-2.75,-2.5,-2.25,-2,-1.75,-1.5,-1.25,-1,-0.75,-0.5,-0.25,0,0.25,0.5,0.75,1,1.25,1.5,1.75,2,2.25,2.5,2014,2017,2020,2022,2025,2028,2031,2034,2037,2039,2042,2045,2048,2051,2054,2057,2059,2062,2065,2068,2071,2074,2076
1,"건전진45도(6회)",planned,1695,1695,0,139,2,0,1,-32.34375,-0.3515625,-8.4375,7.55859375,18,-18,74.35546875,-76.2890625,-10.546875,2.4609375,0.693359375,-3,4,-89.82421875,56,-1,5,-67.236328125,32,58,-68,2,-12,1680,2044,1952,2134,2253,1843,2894,1180,1928,2076,2056,2014,2094,1026,2685,2037,2105,1283,2412,2708,1274,2071,1911
1,"건전진45도(6회)",sample,1695,1696,1,139,2,0,1,-32.34375,-0.3515625,-8.4375,7.55859375,18,-18,74.35546875,-76.2890625,-10.546875,2.4609375,0.693359375,-3,4,-89.82421875,56,-1,5,-67.236328125,32,58,-68,2,-12,1680,2044,1952,2134,2253,1843,2894,1180,1928,2076,2056,2014,2094,1026,2685,2037,2105,1283,2412,2708,1274,2071,1911
1,"건전진45도(6회)",feedback,1696,1712,16,139,2,0,1,-3,-2.75,-2.5,-2.25,-2,-1.75,-1.5,-1.25,-1,-0.75,-0.5,-0.25,0,0.25,0.5,0.75,1,1.25,1.5,1.75,2,2.25,2.5,2014,2017,2020,2022,2025,2028,2031,2034,2037,2039,2042,2045,2048,2051,2054,2057,2059,2062,2065,2068,2071,2074,2076
1,"건전진45도(6회)",endpoint,1718,1719,1,150,2,0,1,-32.34375,-0.3515625,-8.4375,7.55859375,18,-18,74.35546875,-76.2890625,-10.546875,2.4609375,0.693359375,-3,4,-89.82421875,56,-1,5,-67.236328125,32,58,-68,2,-12,1680,2044,1952,2134,2253,1843,2894,1180,1928,2076,2056,2014,2094,1026,2685,2037,2105,1283,2412,2708,1274,2071,1911
1,"건전진45도(6회)",planned,1719,1719,0,150,2,1,1,-32.34375,-0.3515625,-8.4375,7.55859375,18,-18,74.35546875,-76.2890625,-10.546875,2.4609375,0.693359375,-3,4,-89.82421875,56,-1,5,-67.236328125,32,58,-68,2,-12,1680,2044,1952,2134,2253,1843,2894,1180,1928,2076,2056,2014,2094,1026,2685,2037,2105,1283,2412,2708,1274,2071,1911
1,"건전진45도(6회)",sample,1719,1720,1,150,2,1,1,-32.34375,-0.3515625,-8.4375,7.55859375,18,-18,74.35546875,-76.2890625,-10.546875,2.4609375,0.693359375,-3,4,-89.82421875,56,-1,5,-67.236328125,32,58,-68,2,-12,1680,2044,1952,2134,2253,1843,2894,1180,1928,2076,2056,2014,2094,1026,2685,2037,2105,1283,2412,2708,1274,2071,1911
1,"건전진45도(6회)",feedback,1720,1736,16,150,2,1,1,-3,-2.75,-2.5,-2.25,-2,-1.75,-1.5,-1.25,-1,-0.75,-0.5,-0.25,0,0.25,0.5,0.75,1,1.25,1.5,1.75,2,2.25,2.5,2014,2017,2020,2022,2025,2028,2031,2034,2037,2039,2042,2045,2048,2051,2054,2057,2059,2062,2065,2068,2071,2074,2076
1,"건전진45도(6회)",planned,1741,1741,0,185,2,1,1,-32.431640625,-0.37353515625,-8.63525390625,7.822265625,18,-18,73.1689453125,-74.94873046875,-10.6787109375,2.5048828125,0.52001953125,-3,3.75,-82.1181640625,53.75,-2.2204460492503131e-16,3.2500000000000004,-59.04052734375,31.97607421875,58.6611328125,-69.5,2.25,-10.142578125,1679,2044,1950,2137,2253,1843,2880,1195,1926,2076,2054,2014,2091,1114,2660,2048,2085,1376,2412,2715,1257,2074,1933
1,"건전진45도(6회)",sample,1741,1742,1,185,2,1,1,-32.431640625,-0.37353515625,-8.63525390625,7.822265625,18,-18,73.1689453125,-74.94873046875,-10.6787109375,2.5048828125,0.52001953125,-3,3.75,-82.1181640625,53.75,-2.2204460492503131e-16,3.2500000000000004,-59.04052734375,31.97607421875,58.6611328125,-69.5,2.25,-10.142578125,1679,2044,1950,2137,2253,1843,2880,1195,1926,2076,2054,2014,2091,1114,2660,2048,2085,1376,2412,2715,1257,2074,1933
1,"건전진45도(6회)",feedback,1742,1758,16,185,2,1,1,-3,-2.75,-2.5,-2.25,-2,-1.75,-1.5,-1.25,-1,-0.75,-0.5,-0.25,0,0.25,0.5,0.75,1,1.25,1.5,1.75,2,2.25,2.5,2014,2017,2020,2022,2025,2028,2031,2034,2037,2039,2042,2045,2048,2051,2054,2057,2059,2062,2065,2068,2071,2074,2076
1,"건전진45도(6회)",planned,1775,1775,0,219,2,1,1,-32.602828475825333,-0.41633211895633293,-9.0204265706069968,8.3358291774759952,18,-18,70.857909326358026,-72.338115743663693,-10.935492713737998,2.5904767379126659,0.18239904767781789,-3,3.2630656687635007,-67.108793719581186,49.367591018871508,1.9477373249459973,-0.15854031865549523,-43.077260254287808,31.92947308158088,59.948845868152773,-72.421605987418999,2.7369343312364993,-6.5248082108913215,1677,2043,1945,2143,2253,1843,2854,1225,1924,2077,2050,2014,2085,1284,2610,2070,2046,1558,2411,2730,1224,2079,1974
1,"건전진45도(6회)",sample,1775,1776,1,219,2,1,1,-32.602828475825333,-0.41633211895633293,-9.0204265706069968,8.3358291774759952,18,-18,70.857909326358026,-72.338115743663693,-10.935492713737998,2.5904767379126659,0.18239904767781789,-3,3.2630656687635007,-67.108793719581186,49.367591018871508,1.9477373249459973,-0.15854031865549523,-43.077260254287808,31.92947308158088,59.948845868152773,-72.421605987418999,2.7369343312364993,-6.5248082108913215,1677,2043,1945,2143,2253,1843,2854,1225,1924,2077,2050,2014,2085,1284,2610,2070,2046,1558,2411,2730,1224,2079,1974
1,"건전진45도(6회)",feedback,1776,1792,16,219,2,1,1,-3,-2.75,-2.5,-2.25,-2,-1.75,-1.5,-1.25,-1,-0.75,-0.5,-0.25,0,0.25,0.5,0.75,1,1.25,1.5,1.75,2,2.25,2.5,2014,2017,2020,2022,2025,2028,2031,2034,2037,2039,2042,2045,2048,2051,2054,2057,2059,2062,2065,2068,2071,2074,2076
1,"건전진45도(6회)",endpoint,1875,1876,1,255,2,1,1,-32.6953125,-0.439453125,-9.228515625,8.61328125,18,-18,69.609375,-70.927734375,-11.07421875,2.63671875,0,-3,3,-59,47,3,-2,-34.453125,31.904296875,60.64453125,-74,3,-4.5703125,1676,2043,1943,2146,2253,1843,2840,1241,1922,2078,2048,2014,2082,1377,2583,2082,2025,1656,2411,2738,1206,2082,1996
1,"건전진45도(6회)",planned,1876,1876,0,255,2,-1,1,-32.6953125,-0.439453125,-9.228515625,8.61328125,18,-18,69.609375,-70.927734375,-11.07421875,2.63671875,0,-3,3,-59,47,3,-2,-34.453125,31.904296875,60.64453125,-74,3,-4.5703125,1676,2043,1943,2146,2253,1843,2840,1241,1922,2078,2048,2014,2082,1377,2583,2082,2025,1656,2411,2738,1206,2082,1996
1,"건전진45도(6회)",sample,1876,1877,1,255,2,-1,1,-32.6953125,-0.439453125,-9.228515625,8.61328125,18,-18,69.609375,-70.927734375,-11.07421875,2.63671875,0,-3,3,-59,47,3,-2,-34.453125,31.904296875,60.64453125,-74,3,-4.5703125,1676,2043,1943,2146,2253,1843,2840,1241,1922,2078,2048,2014,2082,1377,2583,2082,2025,1656,2411,2738,1206,2082,1996
1,"건전진45도(6회)",feedback,1877,1893,16,255,2,-1,1,-3,-2.75,-2.5,-2.25,-2,-1.75,-1.5,-1.25,-1,-0.75,-0.5,-0.25,0,0.25,0.5,0.75,1,1.25,1.5,1.75,2,2.25,2.5,2014,2017,2020,2022,2025,2028,2031,2034,2037,2039,2042,2045,2048,2051,2054,2057,2059,2062,2065,2068,2071,2074,2076
1,"건전진45도(6회)",planned,1899,1899,0,343,2,2,1,-32.693909639012674,-0.43384168105069998,-9.2144870151267497,8.5978497791394251,18,-18,69.672503744429619,-70.999280285353578,-11.067204445063375,2.6353158890126749,-0.0042085829619750202,-3.0068272568049816,3.0264673106275319,-58.930854540669181,47.512387181948306,2.9291399327957834,-1.8889869338696812,-34.406830587418277,32.276055036641125,60.728702909239502,-73.806467533126366,3.1218618577656323,-4.5534781681520995,1676,2043,1943,2146,2253,1843,2841,1240,1922,2078,2048,2014,2082,1377,2589,2081,2027,1657,2415,2739,1208,2084,1996
1,"건전진45도(6회)",sample,1899,1900,1,343,2,2,1,-32.693909639012674,-0.43384168105069998,-9.2144870151267497,8.5978497791394251,18,-18,69.672503744429619,-70.999280285353578,-11.067204445063375,2.6353158890126749,-0.0042085829619750202,-3.0068272568049816,3.0264673106275319,-58.930854540669181,47.512387181948306,2.9291399327957834,-1.8889869338696812,-34.406830587418277,32.276055036641125,60.728702909239502,-73.806467533126366,3.1218618577656323,-4.5534781681520995,1676,2043,1943,2146,2253,1843,2841,1240,1922,2078,2048,2014,2082,1377,2589,2081,2027,1657,2415,2739,1208,2084,1996
1,"건전진45도(6회)",feedback,1900,1916,16,343,2,2,1,-3,-2.75,-2.5,-2.25,-2,-1.75,-1.5,-1.25,-1,-0.75,-0.5,-0.25,0,0.25,0.5,0.75,1,1.25,1.5,1.75,2,2.25,2.5,2014,2017,2020,2022,2025,2028,2031,2034,2037,2039,2042,2045,2048,2051,2054,2057,2059,2062,2065,2068,2071,2074,2076
1,"건전진45도(6회)",planned,1921,1921,0,365,2,2,1,-32.648030283066277,-0.25032425726509344,-8.7556934556627333,8.0931768637290062,18,-18,71.737074762017699,-73.339127438620054,-10.837807665331367,2.5894365330662734,-0.14184665080117992,-3.2301067890774697,3.8920578261496424,-56.669512063133205,64.269567056060694,0.61172268688087428,1.7415994333555682,-32.892811841187019,44.434084362437559,63.4814642660236,-67.477155495009441,7.1072485776430536,-4.0029258967952801,1677,2045,1948,2140,2253,1843,2864,1214,1925,2077,2046,2011,2092,1403,2779,2055,2068,1674,2554,2770,1280,2129,2002
1,"건전진45도(6회)",sample,1921,1922,1,365,2,2,1,-32.648030283066277,-0.25032425726509344,-8.7556934556627333,8.0931768637290062,18,-18,71.737074762017699,-73.339127438620054,-10.837807665331367,2.5894365330662734,-0.14184665080117992,-3.2301067890774697,3.8920578261496424,-56.669512063133205,64.269567056060694,0.61172268688087428,1.7415994333555682,-32.892811841187019,44.434084362437559,63.4814642660236,-67.477155495009441,7.1072485776430536,-4.0029258967952801,1677,2045,1948,2140,2253,1843,2864,1214,1925,2077,2046,2011,2092,1403,2779,2055,2068,1674,2554,2770,1280,2129,2002
1,"건전진45도(6회)",feedback,1922,1938,16,365,2,2,1,-3,-2.75,-2.5,-2.25,-2,-1.75,-1.5,-1.25,-1,-0.75,-0.5,-0.25,0,0.25,0.5,0.75,1,1.25,1.5,1.75,2,2.25,2.5,2014,2017,2020,2022,2025,2028,2031,2034,2037,2039,2042,2045,2048,2051,2054,2057,2059,2062,2065,2068,2071,2074,2076
1,"건전진45도(6회)",planned,1955,1955,0,399,2,2,1,-32.607421875,-0.087890625,-8.349609375,7.646484375,18,-18,73.564453125,-75.41015625,-10.634765625,2.548828125,-0.263671875,-3.427734375,4.658203125,-54.66796875,79.1015625,-1.439453125,4.955078125,-31.552734375,55.1953125,65.91796875,-61.875,10.634765625,-3.515625,1677,2047,1953,2135,2253,1843,2885,1190,1927,2077,2045,2009,2101,1426,2948,2032,2104,1689,2676,2798,1344,2169,2008
1,"건전진45도(6회)",sample,1955,1956,1,399,2,2,1,-32.607421875,-0.087890625,-8.349609375,7.646484375,18,-18,73.564453125,-75.41015625,-10.634765625,2.548828125,-0.263671875,-3.427734375,4.658203125,-54.66796875,79.1015625,-1.439453125,4.955078125,-31.552734375,55.1953125,65.91796875,-61.875,10.634765625,-3.515625,1677,2047,1953,2135,2253,1843,2885,1190,1927,2077,2045,2009,2101,1426,2948,2032,2104,1689,2676,2798,1344,2169,2008
1,"건전진45도(6회)",feedback,1956,1972,16,399,2,2,1,-3,-2.75,-2.5,-2.25,-2,-1.75,-1.5,-1.25,-1,-0.75,-0.5,-0.25,0,0.25,0.5,0.75,1,1.25,1.5,1.75,2,2.25,2.5,2014,2017,2020,2022,2025,2028,2031,2034,2037,2039,2042,2045,2048,2051,2054,2057,2059,2062,2065,2068,2071,2074,2076
1,"건전진45도(6회)",endpoint,2055,2056,1,401,2,2,1,-32.607421875,-0.087890625,-8.349609375,7.646484375,18,-18,73.564453125,-75.41015625,-10.634765625,2.548828125,-0.263671875,-3.427734375,4.658203125,-54.66796875,79.1015625,-1.439453125,4.955078125,-31.552734375,55.1953125,65.91796875,-61.875,10.634765625,-3.515625,1677,2047,1953,2135,2253,1843,2885,1190,1927,2077,2045,2009,2101,1426,2948,2032,2104,1689,2676,2798,1344,2169,2008
1,"건전진45도(6회)",planned,2056,2056,0,401,2,-1,1,-32.607421875,-0.087890625,-8.349609375,7.646484375,18,-18,73.564453125,-75.41015625,-10.634765625,2.548828125,-0.263671875,-3.427734375,4.658203125,-54.66796875,79.1015625,-1.439453125,4.955078125,-31.552734375,55.1953125,65.91796875,-61.875,10.634765625,-3.515625,1677,2047,1953,2135,2253,1843,2885,1190,1927,2077,2045,2009,2101,1426,2948,2032,2104,1689,2676,2798,1344,2169,2008
1,"건전진45도(6회)",sample,2056,2057,1,401,2,-1,1,-32.607421875,-0.087890625,-8.349609375,7.646484375,18,-18,73.564453125,-75.41015625,-10.634765625,2.548828125,-0.263671875,-3.427734375,4.658203125,-54.66796875,79.1015625,-1.439453125,4.955078125,-31.552734375,55.1953125,65.91796875,-61.875,10.634765625,-3.515625,1677,2047,1953,2135,2253,1843,2885,1190,1927,2077,2045,2009,2101,1426,2948,2032,2104,1689,2676,2798,1344,2169,2008
1,"건전진45도(6회)",feedback,2057,2073,16,401,2,-1,1,-3,-2.75,-2.5,-2.25,-2,-1.75,-1.5,-1.25,-1,-0.75,-0.5,-0.25,0,0.25,0.5,0.75,1,1.25,1.5,1.75,2,2.25,2.5,2014,2017,2020,2022,2025,2028,2031,2034,2037,2039,2042,2045,2048,2051,2054,2057,2059,2062,2065,2068,2071,2074,2076
1,"건전진45도(6회)",planned,2079,2079,0,513,2,3,1,-33.57421875,0.52734375,-9.84375,9.931640625,18,-18,67.060546875,-68.37890625,-10.986328125,2.63671875,1.845703125,-2.724609375,2.548828125,-41.220703125,55.3046875,3.603515625,-1.0546875,-26.015625,26.279296875,67.587890625,-57.568359375,4.658203125,-5.009765625,1666,2054,1936,2161,2253,1843,2811,1270,1923,2078,2069,2017,2077,1579,2677,2089,2036,1752,2347,2817,1393,2101,1991
1,"건전진45도(6회)",sample,2079,2080,1,513,2,3,1,-33.57421875,0.52734375,-9.84375,9.931640625,18,-18,67.060546875,-68.37890625,-10.986328125,2.63671875,1.845703125,-2.724609375,2.548828125,-41.220703125,55.3046875,3.603515625,-1.0546875,-26.015625,26.279296875,67.587890625,-57.568359375,4.658203125,-5.009765625,1666,2054,1936,2161,2253,1843,2811,1270,1923,2078,2069,2017,2077,1579,2677,2089,2036,1752,2347,2817,1393,2101,1991
1,"건전진45도(6회)",feedback,2080,2096,16,513,2,3,1,-3,-2.75,-2.5,-2.25,-2,-1.75,-1.5,-1.25,-1,-0.75,-0.5,-0.25,0,0.25,0.5,0.75,1,1.25,1.5,1.75,2,2.25,2.5,2014,2017,2020,2022,2025,2028,2031,2034,2037,2039,2042,2045,2048,2051,2054,2057,2059,2062,2065,2068,2071,2074,2076
1,"건전진45도(6회)",repeat,2096,2096,0,513,2,3,1,,,,,,,,,,,,,,,,,,,,,,,,,,,,,,,,,,,,,,,,,,,,,,
1,"건전진45도(6회)",planned,2101,2101,0,5,3,-1,1,-33.57421875,0.52734375,-9.84375,9.931640625,18,-18,67.060546875,-68.37890625,-10.986328125,2.63671875,1.845703125,-2.724609375,2.548828125,-41.220703125,55.3046875,3.603515625,-1.0546875,-26.015625,26.279296875,67.587890625,-57.568359375,4.658203125,-5.009765625,1666,2054,1936,2161,2253,1843,2811,1270,1923,2078,2069,2017,2077,1579,2677,2089,2036,1752,2347,2817,1393,2101,1991
1,"건전진45도(6회)",sample,2101,2102,1,5,3,-1,1,-33.57421875,0.52734375,-9.84375,9.931640625,18,-18,67.060546875,-68.37890625,-10.986328125,2.63671875,1.845703125,-2.724609375,2.548828125,-41.220703125,55.3046875,3.603515625,-1.0546875,-26.015625,26.279296875,67.587890625,-57.568359375,4.658203125,-5.009765625,1666,2054,1936,2161,2253,1843,2811,1270,1923,2078,2069,2017,2077,1579,2677,2089,2036,1752,2347,2817,1393,2101,1991
1,"건전진45도(6회)",feedback,2102,2118,16,5,3,-1,1,-3,-2.75,-2.5,-2.25,-2,-1.75,-1.5,-1.25,-1,-0.75,-0.5,-0.25,0,0.25,0.5,0.75,1,1.25,1.5,1.75,2,2.25,2.5,2014,2017,2020,2022,2025,2028,2031,2034,2037,2039,2042,2045,2048,2051,2054,2057,2059,2062,2065,2068,2071,2074,2076
1,"건전진45도(6회)",planned,2135,2135,0,39,3,-1,1,-33.57421875,0.52734375,-9.84375,9.931640625,18,-18,67.060546875,-68.37890625,-10.986328125,2.63671875,1.845703125,-2.724609375,2.548828125,-41.220703125,55.3046875,3.603515625,-1.0546875,-26.015625,26.279296875,67.587890625,-57.568359375,4.658203125,-5.009765625,1666,2054,1936,2161,2253,1843,2811,1270,1923,2078,2069,2017,2077,1579,2677,2089,2036,1752,2347,2817,1393,2101,1991
1,"건전진45도(6회)",sample,2135,2136,1,39,3,-1,1,-33.57421875,0.52734375,-9.84375,9.931640625,18,-18,67.060546875,-68.37890625,-10.986328125,2.63671875,1.845703125,-2.724609375,2.548828125,-41.220703125,55.3046875,3.603515625,-1.0546875,-26.015625,26.279296875,67.587890625,-57.568359375,4.658203125,-5.009765625,1666,2054,1936,2161,2253,1843,2811,1270,1923,2078,2069,2017,2077,1579,2677,2089,2036,1752,2347,2817,1393,2101,1991
1,"건전진45도(6회)",feedback,2136,2152,16,39,3,-1,1,-3,-2.75,-2.5,-2.25,-2,-1.75,-1.5,-1.25,-1,-0.75,-0.5,-0.25,0,0.25,0.5,0.75,1,1.25,1.5,1.75,2,2.25,2.5,2014,2017,2020,2022,2025,2028,2031,2034,2037,2039,2042,2045,2048,2051,2054,2057,2059,2062,2065,2068,2071,2074,2076
1,"건전진45도(6회)",planned,2235,2235,0,139,3,0,1,-32.34375,-0.3515625,-8.4375,7.55859375,18,-18,74.35546875,-76.2890625,-10.546875,2.4609375,0.693359375,-3,4,-89.82421875,56,-1,5,-67.236328125,32,58,-68,2,-12,1680,2044,1952,2134,2253,1843,2894,1180,1928,2076,2056,2014,2094,1026,2685,2037,2105,1283,2412,2708,1274,2071,1911
1,"건전진45도(6회)",sample,2235,2236,1,139,3,0,1,-32.34375,-0.3515625,-8.4375,7.55859375,18,-18,74.35546875,-76.2890625,-10.546875,2.4609375,0.693359375,-3,4,-89.82421875,56,-1,5,-67.236328125,32,58,-68,2,-12,1680,2044,1952,2134,2253,1843,2894,1180,1928,2076,2056,2014,2094,1026,2685,2037,2105,1283,2412,2708,1274,2071,1911
1,"건전진45도(6회)",feedback,2236,2252,16,139,3,0,1,-3,-2.75,-2.5,-2.25,-2,-1.75,-1.5,-1.25,-1,-0.75,-0.5,-0.25,0,0.25,0.5,0.75,1,1.25,1.5,1.75,2,2.25,2.5,2014,2017,2020,2022,2025,2028,2031,2034,2037,2039,2042,2045,2048,2051,2054,2057,2059,2062,2065,2068,2071,2074,2076
1,"건전진45도(6회)",endpoint,2258,2259,1,150,3,0,1,-32.34375,-0.3515625,-8.4375,7.55859375,18,-18,74.35546875,-76.2890625,-10.546875,2.4609375,0.693359375,-3,4,-89.82421875,56,-1,5,-67.236328125,32,58,-68,2,-12,1680,2044,1952,2134,2253,1843,2894,1180,1928,2076,2056,2014,2094,1026,2685,2037,2105,1283,2412,2708,1274,2071,1911
1,"건전진45도(6회)",planned,2259,2259,0,150,3,1,1,-32.34375,-0.3515625,-8.4375,7.55859375,18,-18,74.35546875,-76.2890625,-10.546875,2.4609375,0.693359375,-3,4,-89.82421875,56,-1,5,-67.236328125,32,58,-68,2,-12,1680,2044,1952,2134,2253,1843,2894,1180,1928,2076,2056,2014,2094,1026,2685,2037,2105,1283,2412,2708,1274,2071,1911
1,"건전진45도(6회)",sample,2259,2260,1,150,3,1,1,-32.34375,-0.3515625,-8.4375,7.55859375,18,-18,74.35546875,-76.2890625,-10.546875,2.4609375,0.693359375,-3,4,-89.82421875,56,-1,5,-67.236328125,32,58,-68,2,-12,1680,2044,1952,2134,2253,1843,2894,1180,1928,2076,2056,2014,2094,1026,2685,2037,2105,1283,2412,2708,1274,2071,1911
1,"건전진45도(6회)",feedback,2260,2276,16,150,3,1,1,-3,-2.75,-2.5,-2.25,-2,-1.75,-1.5,-1.25,-1,-0.75,-0.5,-0.25,0,0.25,0.5,0.75,1,1.25,1.5,1.75,2,2.25,2.5,2014,2017,2020,2022,2025,2028,2031,2034,2037,2039,2042,2045,2048,2051,2054,2057,2059,2062,2065,2068,2071,2074,2076
1,"건전진45도(6회)",planned,2281,2281,0,185,3,1,1,-32.431640625,-0.37353515625,-8.63525390625,7.822265625,18,-18,73.1689453125,-74.94873046875,-10.6787109375,2.5048828125,0.52001953125,-3,3.75,-82.1181640625,53.75,-2.2204460492503131e-16,3.2500000000000004,-59.04052734375,31.97607421875,58.6611328125,-69.5,2.25,-10.142578125,1679,2044,1950,2137,2253,1843,2880,1195,1926,2076,2054,2014,2091,1114,2660,2048,2085,1376,2412,2715,1257,2074,1933
1,"건전진45도(6회)",sample,2281,2282,1,185,3,1,1,-32.431640625,-0.37353515625,-8.63525390625,7.822265625,18,-18,73.1689453125,-74.94873046875,-10.6787109375,2.5048828125,0.52001953125,-3,3.75,-82.1181640625,53.75,-2.2204460492503131e-16,3.2500000000000004,-59.04052734375,31.97607421875,58.6611328125,-69.5,2.25,-10.142578125,1679,2044,1950,2137,2253,1843,2880,1195,1926,2076,2054,2014,2091,1114,2660,2048,2085,1376,2412,2715,1257,2074,1933
1,"건전진45도(6회)",feedback,2282,2298,16,185,3,1,1,-3,-2.75,-2.5,-2.25,-2,-1.75,-1.5,-1.25,-1,-0.75,-0.5,-0.25,0,0.25,0.5,0.75,1,1.25,1.5,1.75,2,2.25,2.5,2014,2017,2020,2022,2025,2028,2031,2034,2037,2039,2042,2045,2048,2051,2054,2057,2059,2062,2065,2068,2071,2074,2076
1,"건전진45도(6회)",planned,2315,2315,0,219,3,1,1,-32.602828475825333,-0.41633211895633293,-9.0204265706069968,8.3358291774759952,18,-18,70.857909326358026,-72.338115743663693,-10.935492713737998,2.5904767379126659,0.18239904767781789,-3,3.2630656687635007,-67.108793719581186,49.367591018871508,1.9477373249459973,-0.15854031865549523,-43.077260254287808,31.92947308158088,59.948845868152773,-72.421605987418999,2.7369343312364993,-6.5248082108913215,1677,2043,1945,2143,2253,1843,2854,1225,1924,2077,2050,2014,2085,1284,2610,2070,2046,1558,2411,2730,1224,2079,1974
1,"건전진45도(6회)",sample,2315,2316,1,219,3,1,1,-32.602828475825333,-0.41633211895633293,-9.0204265706069968,8.3358291774759952,18,-18,70.857909326358026,-72.338115743663693,-10.935492713737998,2.5904767379126659,0.18239904767781789,-3,3.2630656687635007,-67.108793719581186,49.367591018871508,1.9477373249459973,-0.15854031865549523,-43.077260254287808,31.92947308158088,59.948845868152773,-72.421605987418999,2.7369343312364993,-6.5248082108913215,1677,2043,1945,2143,2253,1843,2854,1225,1924,2077,2050,2014,2085,1284,2610,2070,2046,1558,2411,2730,1224,2079,1974
1,"건전진45도(6회)",feedback,2316,2332,16,219,3,1,1,-3,-2.75,-2.5,-2.25,-2,-1.75,-1.5,-1.25,-1,-0.75,-0.5,-0.25,0,0.25,0.5,0.75,1,1.25,1.5,1.75,2,2.25,2.5,2014,2017,2020,2022,2025,2028,2031,2034,2037,2039,2042,2045,2048,2051,2054,2057,2059,2062,2065,2068,2071,2074,2076
1,"건전진45도(6회)",endpoint,2415,2416,1,255,3,1,1,-32.6953125,-0.439453125,-9.228515625,8.61328125,18,-18,69.609375,-70.927734375,-11.07421875,2.63671875,0,-3,3,-59,47,3,-2,-34.453125,31.904296875,60.64453125,-74,3,-4.5703125,1676,2043,1943,2146,2253,1843,2840,1241,1922,2078,2048,2014,2082,1377,2583,2082,2025,1656,2411,2738,1206,2082,1996
1,"건전진45도(6회)",planned,2416,2416,0,255,3,-1,1,-32.6953125,-0.439453125,-9.228515625,8.61328125,18,-18,69.609375,-70.927734375,-11.07421875,2.63671875,0,-3,3,-59,47,3,-2,-34.453125,31.904296875,60.64453125,-74,3,-4.5703125,1676,2043,1943,2146,2253,1843,2840,1241,1922,2078,2048,2014,2082,1377,2583,2082,2025,1656,2411,2738,1206,2082,1996
1,"건전진45도(6회)",sample,2416,2417,1,255,3,-1,1,-32.6953125,-0.439453125,-9.228515625,8.61328125,18,-18,69.609375,-70.927734375,-11.07421875,2.63671875,0,-3,3,-59,47,3,-2,-34.453125,31.904296875,60.64453125,-74,3,-4.5703125,1676,2043,1943,2146,2253,1843,2840,1241,1922,2078,2048,2014,2082,1377,2583,2082,2025,1656,2411,2738,1206,2082,1996
1,"건전진45도(6회)",feedback,2417,2433,16,255,3,-1,1,-3,-2.75,-2.5,-2.25,-2,-1.75,-1.5,-1.25,-1,-0.75,-0.5,-0.25,0,0.25,0.5,0.75,1,1.25,1.5,1.75,2,2.25,2.5,2014,2017,2020,2022,2025,2028,2031,2034,2037,2039,2042,2045,2048,2051,2054,2057,2059,2062,2065,2068,2071,2074,2076
1,"건전진45도(6회)",planned,2439,2439,0,343,3,2,1,-32.693909639012674,-0.43384168105069998,-9.2144870151267497,8.5978497791394251,18,-18,69.672503744429619,-70.999280285353578,-11.067204445063375,2.6353158890126749,-0.0042085829619750202,-3.0068272568049816,3.0264673106275319,-58.930854540669181,47.512387181948306,2.9291399327957834,-1.8889869338696812,-34.406830587418277,32.276055036641125,60.728702909239502,-73.806467533126366,3.1218618577656323,-4.5534781681520995,1676,2043,1943,2146,2253,1843,2841,1240,1922,2078,2048,2014,2082,1377,2589,2081,2027,1657,2415,2739,1208,2084,1996
1,"건전진45도(6회)",sample,2439,2440,1,343,3,2,1,-32.693909639012674,-0.43384168105069998,-9.2144870151267497,8.5978497791394251,18,-18,69.672503744429619,-70.999280285353578,-11.067204445063375,2.6353158890126749,-0.0042085829619750202,-3.0068272568049816,3.0264673106275319,-58.930854540669181,47.512387181948306,2.9291399327957834,-1.8889869338696812,-34.406830587418277,32.276055036641125,60.728702909239502,-73.806467533126366,3.1218618577656323,-4.5534781681520995,1676,2043,1943,2146,2253,1843,2841,1240,1922,2078,2048,2014,2082,1377,2589,2081,2027,1657,2415,2739,1208,2084,1996
1,"건전진45도(6회)",feedback,2440,2456,16,343,3,2,1,-3,-2.75,-2.5,-2.25,-2,-1.75,-1.5,-1.25,-1,-0.75,-0.5,-0.25,0,0.25,0.5,0.75,1,1.25,1.5,1.75,2,2.25,2.5,2014,2017,2020,2022,2025,2028,2031,2034,2037,2039,2042,2045,2048,2051,2054,2057,2059,2062,2065,2068,2071,2074,2076
1,"건전진45도(6회)",planned,2461,2461,0,365,3,2,1,-32.648030283066277,-0.25032425726509344,-8.7556934556627333,8.0931768637290062,18,-18,71.737074762017699,-73.339127438620054,-10.837807665331367,2.5894365330662734,-0.14184665080117992,-3.2301067890774697,3.8920578261496424,-56.669512063133205,64.269567056060694,0.61172268688087428,1.7415994333555682,-32.892811841187019,44.434084362437559,63.4814642660236,-67.477155495009441,7.1072485776430536,-4.0029258967952801,1677,2045,1948,2140,2253,1843,2864,1214,1925,2077,2046,2011,2092,1403,2779,2055,2068,1674,2554,2770,1280,2129,2002
1,"건전진45도(6회)",sample,2461,2462,1,365,3,2,1,-32.648030283066277,-0.25032425726509344,-8.7556934556627333,8.0931768637290062,18,-18,71.737074762017699,-73.339127438620054,-10.837807665331367,2.5894365330662734,-0.14184665080117992,-3.2301067890774697,3.8920578261496424,-56.669512063133205,64.269567056060694,0.61172268688087428,1.7415994333555682,-32.892811841187019,44.434084362437559,63.4814642660236,-67.477155495009441,7.1072485776430536,-4.0029258967952801,1677,2045,1948,2140,2253,1843,2864,1214,1925,2077,2046,2011,2092,1403,2779,2055,2068,1674,2554,2770,1280,2129,2002
1,"건전진45도(6회)",feedback,2462,2478,16,365,3,2,1,-3,-2.75,-2.5,-2.25,-2,-1.75,-1.5,-1.25,-1,-0.75,-0.5,-0.25,0,0.25,0.5,0.75,1,1.25,1.5,1.75,2,2.25,2.5,2014,2017,2020,2022,2025,2028,2031,2034,2037,2039,2042,2045,2048,2051,2054,2057,2059,2062,2065,2068,2071,2074,2076
1,"건전진45도(6회)",planned,2495,2495,0,399,3,2,1,-32.607421875,-0.087890625,-8.349609375,7.646484375,18,-18,73.564453125,-75.41015625,-10.634765625,2.548828125,-0.263671875,-3.427734375,4.658203125,-54.66796875,79.1015625,-1.439453125,4.955078125,-31.552734375,55.1953125,65.91796875,-61.875,10.634765625,-3.515625,1677,2047,1953,2135,2253,1843,2885,1190,1927,2077,2045,2009,2101,1426,2948,2032,2104,1689,2676,2798,1344,2169,2008
1,"건전진45도(6회)",sample,2495,2496,1,399,3,2,1,-32.607421875,-0.087890625,-8.349609375,7.646484375,18,-18,73.564453125,-75.41015625,-10.634765625,2.548828125,-0.263671875,-3.427734375,4.658203125,-54.66796875,79.1015625,-1.439453125,4.955078125,-31.552734375,55.1953125,65.91796875,-61.875,10.634765625,-3.515625,1677,2047,1953,2135,2253,1843,2885,1190,1927,2077,2045,2009,2101,1426,2948,2032,2104,1689,2676,2798,1344,2169,2008
1,"건전진45도(6회)",feedback,2496,2512,16,399,3,2,1,-3,-2.75,-2.5,-2.25,-2,-1.75,-1.5,-1.25,-1,-0.75,-0.5,-0.25,0,0.25,0.5,0.75,1,1.25,1.5,1.75,2,2.25,2.5,2014,2017,2020,2022,2025,2028,2031,2034,2037,2039,2042,2045,2048,2051,2054,2057,2059,2062,2065,2068,2071,2074,2076
1,"건전진45도(6회)",endpoint,2595,2596,1,401,3,2,1,-32.607421875,-0.087890625,-8.349609375,7.646484375,18,-18,73.564453125,-75.41015625,-10.634765625,2.548828125,-0.263671875,-3.427734375,4.658203125,-54.66796875,79.1015625,-1.439453125,4.955078125,-31.552734375,55.1953125,65.91796875,-61.875,10.634765625,-3.515625,1677,2047,1953,2135,2253,1843,2885,1190,1927,2077,2045,2009,2101,1426,2948,2032,2104,1689,2676,2798,1344,2169,2008
1,"건전진45도(6회)",planned,2596,2596,0,401,3,-1,1,-32.607421875,-0.087890625,-8.349609375,7.646484375,18,-18,73.564453125,-75.41015625,-10.634765625,2.548828125,-0.263671875,-3.427734375,4.658203125,-54.66796875,79.1015625,-1.439453125,4.955078125,-31.552734375,55.1953125,65.91796875,-61.875,10.634765625,-3.515625,1677,2047,1953,2135,2253,1843,2885,1190,1927,2077,2045,2009,2101,1426,2948,2032,2104,1689,2676,2798,1344,2169,2008
1,"건전진45도(6회)",sample,2596,2597,1,401,3,-1,1,-32.607421875,-0.087890625,-8.349609375,7.646484375,18,-18,73.564453125,-75.41015625,-10.634765625,2.548828125,-0.263671875,-3.427734375,4.658203125,-54.66796875,79.1015625,-1.439453125,4.955078125,-31.552734375,55.1953125,65.91796875,-61.875,10.634765625,-3.515625,1677,2047,1953,2135,2253,1843,2885,1190,1927,2077,2045,2009,2101,1426,2948,2032,2104,1689,2676,2798,1344,2169,2008
1,"건전진45도(6회)",feedback,2597,2613,16,401,3,-1,1,-3,-2.75,-2.5,-2.25,-2,-1.75,-1.5,-1.25,-1,-0.75,-0.5,-0.25,0,0.25,0.5,0.75,1,1.25,1.5,1.75,2,2.25,2.5,2014,2017,2020,2022,2025,2028,2031,2034,2037,2039,2042,2045,2048,2051,2054,2057,2059,2062,2065,2068,2071,2074,2076
1,"건전진45도(6회)",planned,2619,2619,0,513,3,3,1,-33.57421875,0.52734375,-9.84375,9.931640625,18,-18,67.060546875,-68.37890625,-10.986328125,2.63671875,1.845703125,-2.724609375,2.548828125,-41.220703125,55.3046875,3.603515625,-1.0546875,-26.015625,26.279296875,67.587890625,-57.568359375,4.658203125,-5.009765625,1666,2054,1936,2161,2253,1843,2811,1270,1923,2078,2069,2017,2077,1579,2677,2089,2036,1752,2347,2817,1393,2101,1991
1,"건전진45도(6회)",sample,2619,2620,1,513,3,3,1,-33.57421875,0.52734375,-9.84375,9.931640625,18,-18,67.060546875,-68.37890625,-10.986328125,2.63671875,1.845703125,-2.724609375,2.548828125,-41.220703125,55.3046875,3.603515625,-1.0546875,-26.015625,26.279296875,67.587890625,-57.568359375,4.658203125,-5.009765625,1666,2054,1936,2161,2253,1843,2811,1270,1923,2078,2069,2017,2077,1579,2677,2089,2036,1752,2347,2817,1393,2101,1991
1,"건전진45도(6회)",feedback,2620,2636,16,513,3,3,1,-3,-2.75,-2.5,-2.25,-2,-1.75,-1.5,-1.25,-1,-0.75,-0.5,-0.25,0,0.25,0.5,0.75,1,1.25,1.5,1.75,2,2.25,2.5,2014,2017,2020,2022,2025,2028,2031,2034,2037,2039,2042,2045,2048,2051,2054,2057,2059,2062,2065,2068,2071,2074,2076
1,"건전진45도(6회)",repeat,2636,2636,0,513,3,3,1,,,,,,,,,,,,,,,,,,,,,,,,,,,,,,,,,,,,,,,,,,,,,,
1,"건전진45도(6회)",planned,2641,2641,0,5,4,-1,1,-33.57421875,0.52734375,-9.84375,9.931640625,18,-18,67.060546875,-68.37890625,-10.986328125,2.63671875,1.845703125,-2.724609375,2.548828125,-41.220703125,55.3046875,3.603515625,-1.0546875,-26.015625,26.279296875,67.587890625,-57.568359375,4.658203125,-5.009765625,1666,2054,1936,2161,2253,1843,2811,1270,1923,2078,2069,2017,2077,1579,2677,2089,2036,1752,2347,2817,1393,2101,1991
1,"건전진45도(6회)",sample,2641,2642,1,5,4,-1,1,-33.57421875,0.52734375,-9.84375,9.931640625,18,-18,67.060546875,-68.37890625,-10.986328125,2.63671875,1.845703125,-2.724609375,2.548828125,-41.220703125,55.3046875,3.603515625,-1.0546875,-26.015625,26.279296875,67.587890625,-57.568359375,4.658203125,-5.009765625,1666,2054,1936,2161,2253,1843,2811,1270,1923,2078,2069,2017,2077,1579,2677,2089,2036,1752,2347,2817,1393,2101,1991
1,"건전진45도(6회)",feedback,2642,2658,16,5,4,-1,1,-3,-2.75,-2.5,-2.25,-2,-1.75,-1.5,-1.25,-1,-0.75,-0.5,-0.25,0,0.25,0.5,0.75,1,1.25,1.5,1.75,2,2.25,2.5,2014,2017,2020,2022,2025,2028,2031,2034,2037,2039,2042,2045,2048,2051,2054,2057,2059,2062,2065,2068,2071,2074,2076
1,"건전진45도(6회)",planned,2675,2675,0,39,4,-1,1,-33.57421875,0.52734375,-9.84375,9.931640625,18,-18,67.060546875,-68.37890625,-10.986328125,2.63671875,1.845703125,-2.724609375,2.548828125,-41.220703125,55.3046875,3.603515625,-1.0546875,-26.015625,26.279296875,67.587890625,-57.568359375,4.658203125,-5.009765625,1666,2054,1936,2161,2253,1843,2811,1270,1923,2078,2069,2017,2077,1579,2677,2089,2036,1752,2347,2817,1393,2101,1991
1,"건전진45도(6회)",sample,2675,2676,1,39,4,-1,1,-33.57421875,0.52734375,-9.84375,9.931640625,18,-18,67.060546875,-68.37890625,-10.986328125,2.63671875,1.845703125,-2.724609375,2.548828125,-41.220703125,55.3046875,3.603515625,-1.0546875,-26.015625,26.279296875,67.587890625,-57.568359375,4.658203125,-5.009765625,1666,2054,1936,2161,2253,1843,2811,1270,1923,2078,2069,2017,2077,1579,2677,2089,2036,1752,2347,2817,1393,2101,1991
1,"건전진45도(6회)",feedback,2676,2692,16,39,4,-1,1,-3,-2.75,-2.5,-2.25,-2,-1.75,-1.5,-1.25,-1,-0.75,-0.5,-0.25,0,0.25,0.5,0.75,1,1.25,1.5,1.75,2,2.25,2.5,2014,2017,2020,2022,2025,2028,2031,2034,2037,2039,2042,2045,2048,2051,2054,2057,2059,2062,2065,2068,2071,2074,2076
1,"건전진45도(6회)",planned,2775,2775,0,139,4,0,1,-32.34375,-0.3515625,-8.4375,7.55859375,18,-18,74.35546875,-76.2890625,-10.546875,2.4609375,0.693359375,-3,4,-89.82421875,56,-1,5,-67.236328125,32,58,-68,2,-12,1680,2044,1952,2134,2253,1843,2894,1180,1928,2076,2056,2014,2094,1026,2685,2037,2105,1283,2412,2708,1274,2071,1911
1,"건전진45도(6회)",sample,2775,2776,1,139,4,0,1,-32.34375,-0.3515625,-8.4375,7.55859375,18,-18,74.35546875,-76.2890625,-10.546875,2.4609375,0.693359375,-3,4,-89.82421875,56,-1,5,-67.236328125,32,58,-68,2,-12,1680,2044,1952,2134,2253,1843,2894,1180,1928,2076,2056,2014,2094,1026,2685,2037,2105,1283,2412,2708,1274,2071,1911
1,"건전진45도(6회)",feedback,2776,2792,16,139,4,0,1,-3,-2.75,-2.5,-2.25,-2,-1.75,-1.5,-1.25,-1,-0.75,-0.5,-0.25,0,0.25,0.5,0.75,1,1.25,1.5,1.75,2,2.25,2.5,2014,2017,2020,2022,2025,2028,2031,2034,2037,2039,2042,2045,2048,2051,2054,2057,2059,2062,2065,2068,2071,2074,2076
1,"건전진45도(6회)",endpoint,2798,2799,1,150,4,0,1,-32.34375,-0.3515625,-8.4375,7.55859375,18,-18,74.35546875,-76.2890625,-10.546875,2.4609375,0.693359375,-3,4,-89.82421875,56,-1,5,-67.236328125,32,58,-68,2,-12,1680,2044,1952,2134,2253,1843,2894,1180,1928,2076,2056,2014,2094,1026,2685,2037,2105,1283,2412,2708,1274,2071,1911
1,"건전진45도(6회)",planned,2799,2799,0,150,4,1,1,-32.34375,-0.3515625,-8.4375,7.55859375,18,-18,74.35546875,-76.2890625,-10.546875,2.4609375,0.693359375,-3,4,-89.82421875,56,-1,5,-67.236328125,32,58,-68,2,-12,1680,2044,1952,2134,2253,1843,2894,1180,1928,2076,2056,2014,2094,1026,2685,2037,2105,1283,2412,2708,1274,2071,1911
1,"건전진45도(6회)",sample,2799,2800,1,150,4,1,1,-32.34375,-0.3515625,-8.4375,7.55859375,18,-18,74.35546875,-76.2890625,-10.546875,2.4609375,0.693359375,-3,4,-89.82421875,56,-1,5,-67.236328125,32,58,-68,2,-12,1680,2044,1952,2134,2253,1843,2894,1180,1928,2076,2056,2014,2094,1026,2685,2037,2105,1283,2412,2708,1274,2071,1911
1,"건전진45도(6회)",feedback,2800,2816,16,150,4,1,1,-3,-2.75,-2.5,-2.25,-2,-1.75,-1.5,-1.25,-1,-0.75,-0.5,-0.25,0,0.25,0.5,0.75,1,1.25,1.5,1.75,2,2.25,2.5,2014,2017,2020,2022,2025,2028,2031,2034,2037,2039,2042,2045,2048,2051,2054,2057,2059,2062,2065,2068,2071,2074,2076
1,"건전진45도(6회)",planned,2821,2821,0,185,4,1,1,-32.431640625,-0.37353515625,-8.63525390625,7.822265625,18,-18,73.1689453125,-74.94873046875,-10.6787109375,2.5048828125,0.52001953125,-3,3.75,-82.1181640625,53.75,-2.2204460492503131e-16,3.2500000000000004,-59.04052734375,31.97607421875,58.6611328125,-69.5,2.25,-10.142578125,1679,2044,1950,2137,2253,1843,2880,1195,1926,2076,2054,2014,2091,1114,2660,2048,2085,1376,2412,2715,1257,2074,1933
1,"건전진45도(6회)",sample,2821,2822,1,185,4,1,1,-32.431640625,-0.37353515625,-8.63525390625,7.822265625,18,-18,73.1689453125,-74.94873046875,-10.6787109375,2.5048828125,0.52001953125,-3,3.75,-82.1181640625,53.75,-2.2204460492503131e-16,3.2500000000000004,-59.04052734375,31.97607421875,58.6611328125,-69.5,2.25,-10.142578125,1679,2044,1950,2137,2253,1843,2880,1195,1926,2076,2054,2014,2091,1114,2660,2048,2085,1376,2412,2715,1257,2074,1933
1,"건전진45도(6회)",feedback,2822,2838,16,185,4,1,1,-3,-2.75,-2.5,-2.25,-2,-1.75,-1.5,-1.25,-1,-0.75,-0.5,-0.25,0,0.25,0.5,0.75,1,1.25,1.5,1.75,2,2.25,2.5,2014,2017,2020,2022,2025,2028,2031,2034,2037,2039,2042,2045,2048,2051,2054,2057,2059,2062,2065,2068,2071,2074,2076
1,"건전진45도(6회)",planned,2855,2855,0,219,4,1,1,-32.602828475825333,-0.41633211895633293,-9.0204265706069968,8.3358291774759952,18,-18,70.857909326358026,-72.338115743663693,-10.935492713737998,2.5904767379126659,0.18239904767781789,-3,3.2630656687635007,-67.108793719581186,49.367591018871508,1.9477373249459973,-0.15854031865549523,-43.077260254287808,31.92947308158088,59.948845868152773,-72.421605987418999,2.7369343312364993,-6.5248082108913215,1677,2043,1945,2143,2253,1843,2854,1225,1924,2077,2050,2014,2085,1284,2610,2070,2046,1558,2411,2730,1224,2079,1974
1,"건전진45도(6회)",sample,2855,2856,1,219,4,1,1,-32.602828475825333,-0.41633211895633293,-9.0204265706069968,8.3358291774759952,18,-18,70.857909326358026,-72.338115743663693,-10.935492713737998,2.5904767379126659,0.18239904767781789,-3,3.2630656687635007,-67.108793719581186,49.367591018871508,1.9477373249459973,-0.15854031865549523,-43.077260254287808,31.92947308158088,59.948845868152773,-72.421605987418999,2.7369343312364993,-6.5248082108913215,1677,2043,1945,2143,2253,1843,2854,1225,1924,2077,2050,2014,2085,1284,2610,2070,2046,1558,2411,2730,1224,2079,1974
1,"건전진45도(6회)",feedback,2856,2872,16,219,4,1,1,-3,-2.75,-2.5,-2.25,-2,-1.75,-1.5,-1.25,-1,-0.75,-0.5,-0.25,0,0.25,0.5,0.75,1,1.25,1.5,1.75,2,2.25,2.5,2014,2017,2020,2022,2025,2028,2031,2034,2037,2039,2042,2045,2048,2051,2054,2057,2059,2062,2065,2068,2071,2074,2076
1,"건전진45도(6회)",endpoint,2955,2956,1,255,4,1,1,-32.6953125,-0.439453125,-9.228515625,8.61328125,18,-18,69.609375,-70.927734375,-11.07421875,2.63671875,0,-3,3,-59,47,3,-2,-34.453125,31.904296875,60.64453125,-74,3,-4.5703125,1676,2043,1943,2146,2253,1843,2840,1241,1922,2078,2048,2014,2082,1377,2583,2082,2025,1656,2411,2738,1206,2082,1996
1,"건전진45도(6회)",planned,2956,2956,0,255,4,-1,1,-32.6953125,-0.439453125,-9.228515625,8.61328125,18,-18,69.609375,-70.927734375,-11.07421875,2.63671875,0,-3,3,-59,47,3,-2,-34.453125,31.904296875,60.64453125,-74,3,-4.5703125,1676,2043,1943,2146,2253,1843,2840,1241,1922,2078,2048,2014,2082,1377,2583,2082,2025,1656,2411,2738,1206,2082,1996
1,"건전진45도(6회)",sample,2956,2957,1,255,4,-1,1,-32.6953125,-0.439453125,-9.228515625,8.61328125,18,-18,69.609375,-70.927734375,-11.07421875,2.63671875,0,-3,3,-59,47,3,-2,-34.453125,31.904296875,60.64453125,-74,3,-4.5703125,1676,2043,1943,2146,2253,1843,2840,1241,1922,2078,2048,2014,2082,1377,2583,2082,2025,1656,2411,2738,1206,2082,1996
1,"건전진45도(6회)",feedback,2957,2973,16,255,4,-1,1,-3,-2.75,-2.5,-2.25,-2,-1.75,-1.5,-1.25,-1,-0.75,-0.5,-0.25,0,0.25,0.5,0.75,1,1.25,1.5,1.75,2,2.25,2.5,2014,2017,2020,2022,2025,2028,2031,2034,2037,2039,2042,2045,2048,2051,2054,2057,2059,2062,2065,2068,2071,2074,2076
1,"건전진45도(6회)",planned,2979,2979,0,343,4,2,1,-32.693909639012674,-0.43384168105069998,-9.2144870151267497,8.5978497791394251,18,-18,69.672503744429619,-70.999280285353578,-11.067204445063375,2.6353158890126749,-0.0042085829619750202,-3.0068272568049816,3.0264673106275319,-58.930854540669181,47.512387181948306,2.9291399327957834,-1.8889869338696812,-34.406830587418277,32.276055036641125,60.728702909239502,-73.806467533126366,3.1218618577656323,-4.5534781681520995,1676,2043,1943,2146,2253,1843,2841,1240,1922,2078,2048,2014,2082,1377,2589,2081,2027,1657,2415,2739,1208,2084,1996
1,"건전진45도(6회)",sample,2979,2980,1,343,4,2,1,-32.693909639012674,-0.43384168105069998,-9.2144870151267497,8.5978497791394251,18,-18,69.672503744429619,-70.999280285353578,-11.067204445063375,2.6353158890126749,-0.0042085829619750202,-3.0068272568049816,3.0264673106275319,-58.930854540669181,47.512387181948306,2.9291399327957834,-1.8889869338696812,-34.406830587418277,32.276055036641125,60.728702909239502,-73.806467533126366,3.1218618577656323,-4.5534781681520995,1676,2043,1943,2146,2253,1843,2841,1240,1922,2078,2048,2014,2082,1377,2589,2081,2027,1657,2415,2739,1208,2084,1996
1,"건전진45도(6회)",feedback,2980,2996,16,343,4,2,1,-3,-2.75,-2.5,-2.25,-2,-1.75,-1.5,-1.25,-1,-0.75,-0.5,-0.25,0,0.25,0.5,0.75,1,1.25,1.5,1.75,2,2.25,2.5,2014,2017,2020,2022,2025,2028,2031,2034,2037,2039,2042,2045,2048,2051,2054,2057,2059,2062,2065,2068,2071,2074,2076
1,"건전진45도(6회)",planned,3001,3001,0,365,4,2,1,-32.648030283066277,-0.25032425726509344,-8.7556934556627333,8.0931768637290062,18,-18,71.737074762017699,-73.339127438620054,-10.837807665331367,2.5894365330662734,-0.14184665080117992,-3.2301067890774697,3.8920578261496424,-56.669512063133205,64.269567056060694,0.61172268688087428,1.7415994333555682,-32.892811841187019,44.434084362437559,63.4814642660236,-67.477155495009441,7.1072485776430536,-4.0029258967952801,1677,2045,1948,2140,2253,1843,2864,1214,1925,2077,2046,2011,2092,1403,2779,2055,2068,1674,2554,2770,1280,2129,2002
1,"건전진45도(6회)",sample,3001,3002,1,365,4,2,1,-32.648030283066277,-0.25032425726509344,-8.7556934556627333,8.0931768637290062,18,-18,71.737074762017699,-73.339127438620054,-10.837807665331367,2.5894365330662734,-0.14184665080117992,-3.2301067890774697,3.8920578261496424,-56.669512063133205,64.269567056060694,0.61172268688087428,1.7415994333555682,-32.892811841187019,44.434084362437559,63.4814642660236,-67.477155495009441,7.1072485776430536,-4.0029258967952801,1677,2045,1948,2140,2253,1843,2864,1214,1925,2077,2046,2011,2092,1403,2779,2055,2068,1674,2554,2770,1280,2129,2002
1,"건전진45도(6회)",feedback,3002,3018,16,365,4,2,1,-3,-2.75,-2.5,-2.25,-2,-1.75,-1.5,-1.25,-1,-0.75,-0.5,-0.25,0,0.25,0.5,0.75,1,1.25,1.5,1.75,2,2.25,2.5,2014,2017,2020,2022,2025,2028,2031,2034,2037,2039,2042,2045,2048,2051,2054,2057,2059,2062,2065,2068,2071,2074,2076
1,"건전진45도(6회)",planned,3035,3035,0,399,4,2,1,-32.607421875,-0.087890625,-8.349609375,7.646484375,18,-18,73.564453125,-75.41015625,-10.634765625,2.548828125,-0.263671875,-3.427734375,4.658203125,-54.66796875,79.1015625,-1.439453125,4.955078125,-31.552734375,55.1953125,65.91796875,-61.875,10.634765625,-3.515625,1677,2047,1953,2135,2253,1843,2885,1190,1927,2077,2045,2009,2101,1426,2948,2032,2104,1689,2676,2798,1344,2169,2008
1,"건전진45도(6회)",sample,3035,3036,1,399,4,2,1,-32.607421875,-0.087890625,-8.349609375,7.646484375,18,-18,73.564453125,-75.41015625,-10.634765625,2.548828125,-0.263671875,-3.427734375,4.658203125,-54.66796875,79.1015625,-1.439453125,4.955078125,-31.552734375,55.1953125,65.91796875,-61.875,10.634765625,-3.515625,1677,2047,1953,2135,2253,1843,2885,1190,1927,2077,2045,2009,2101,1426,2948,2032,2104,1689,2676,2798,1344,2169,2008
1,"건전진45도(6회)",feedback,3036,3052,16,399,4,2,1,-3,-2.75,-2.5,-2.25,-2,-1.75,-1.5,-1.25,-1,-0.75,-0.5,-0.25,0,0.25,0.5,0.75,1,1.25,1.5,1.75,2,2.25,2.5,2014,2017,2020,2022,2025,2028,2031,2034,2037,2039,2042,2045,2048,2051,2054,2057,2059,2062,2065,2068,2071,2074,2076
1,"건전진45도(6회)",endpoint,3135,3136,1,401,4,2,1,-32.607421875,-0.087890625,-8.349609375,7.646484375,18,-18,73.564453125,-75.41015625,-10.634765625,2.548828125,-0.263671875,-3.427734375,4.658203125,-54.66796875,79.1015625,-1.439453125,4.955078125,-31.552734375,55.1953125,65.91796875,-61.875,10.634765625,-3.515625,1677,2047,1953,2135,2253,1843,2885,1190,1927,2077,2045,2009,2101,1426,2948,2032,2104,1689,2676,2798,1344,2169,2008
1,"건전진45도(6회)",planned,3136,3136,0,401,4,-1,1,-32.607421875,-0.087890625,-8.349609375,7.646484375,18,-18,73.564453125,-75.41015625,-10.634765625,2.548828125,-0.263671875,-3.427734375,4.658203125,-54.66796875,79.1015625,-1.439453125,4.955078125,-31.552734375,55.1953125,65.91796875,-61.875,10.634765625,-3.515625,1677,2047,1953,2135,2253,1843,2885,1190,1927,2077,2045,2009,2101,1426,2948,2032,2104,1689,2676,2798,1344,2169,2008
1,"건전진45도(6회)",sample,3136,3137,1,401,4,-1,1,-32.607421875,-0.087890625,-8.349609375,7.646484375,18,-18,73.564453125,-75.41015625,-10.634765625,2.548828125,-0.263671875,-3.427734375,4.658203125,-54.66796875,79.1015625,-1.439453125,4.955078125,-31.552734375,55.1953125,65.91796875,-61.875,10.634765625,-3.515625,1677,2047,1953,2135,2253,1843,2885,1190,1927,2077,2045,2009,2101,1426,2948,2032,2104,1689,2676,2798,1344,2169,2008
1,"건전진45도(6회)",feedback,3137,3153,16,401,4,-1,1,-3,-2.75,-2.5,-2.25,-2,-1.75,-1.5,-1.25,-1,-0.75,-0.5,-0.25,0,0.25,0.5,0.75,1,1.25,1.5,1.75,2,2.25,2.5,2014,2017,2020,2022,2025,2028,2031,2034,2037,2039,2042,2045,2048,2051,2054,2057,2059,2062,2065,2068,2071,2074,2076
1,"건전진45도(6회)",planned,3159,3159,0,513,4,3,1,-33.57421875,0.52734375,-9.84375,9.931640625,18,-18,67.060546875,-68.37890625,-10.986328125,2.63671875,1.845703125,-2.724609375,2.548828125,-41.220703125,55.3046875,3.603515625,-1.0546875,-26.015625,26.279296875,67.587890625,-57.568359375,4.658203125,-5.009765625,1666,2054,1936,2161,2253,1843,2811,1270,1923,2078,2069,2017,2077,1579,2677,2089,2036,1752,2347,2817,1393,2101,1991
1,"건전진45도(6회)",sample,3159,3160,1,513,4,3,1,-33.57421875,0.52734375,-9.84375,9.931640625,18,-18,67.060546875,-68.37890625,-10.986328125,2.63671875,1.845703125,-2.724609375,2.548828125,-41.220703125,55.3046875,3.603515625,-1.0546875,-26.015625,26.279296875,67.587890625,-57.568359375,4.658203125,-5.009765625,1666,2054,1936,2161,2253,1843,2811,1270,1923,2078,2069,2017,2077,1579,2677,2089,2036,1752,2347,2817,1393,2101,1991
1,"건전진45도(6회)",feedback,3160,3176,16,513,4,3,1,-3,-2.75,-2.5,-2.25,-2,-1.75,-1.5,-1.25,-1,-0.75,-0.5,-0.25,0,0.25,0.5,0.75,1,1.25,1.5,1.75,2,2.25,2.5,2014,2017,2020,2022,2025,2028,2031,2034,2037,2039,2042,2045,2048,2051,2054,2057,2059,2062,2065,2068,2071,2074,2076
1,"건전진45도(6회)",repeat,3176,3176,0,513,4,3,1,,,,,,,,,,,,,,,,,,,,,,,,,,,,,,,,,,,,,,,,,,,,,,
1,"건전진45도(6회)",planned,3181,3181,0,5,5,-1,1,-33.57421875,0.52734375,-9.84375,9.931640625,18,-18,67.060546875,-68.37890625,-10.986328125,2.63671875,1.845703125,-2.724609375,2.548828125,-41.220703125,55.3046875,3.603515625,-1.0546875,-26.015625,26.279296875,67.587890625,-57.568359375,4.658203125,-5.009765625,1666,2054,1936,2161,2253,1843,2811,1270,1923,2078,2069,2017,2077,1579,2677,2089,2036,1752,2347,2817,1393,2101,1991
1,"건전진45도(6회)",sample,3181,3182,1,5,5,-1,1,-33.57421875,0.52734375,-9.84375,9.931640625,18,-18,67.060546875,-68.37890625,-10.986328125,2.63671875,1.845703125,-2.724609375,2.548828125,-41.220703125,55.3046875,3.603515625,-1.0546875,-26.015625,26.279296875,67.587890625,-57.568359375,4.658203125,-5.009765625,1666,2054,1936,2161,2253,1843,2811,1270,1923,2078,2069,2017,2077,1579,2677,2089,2036,1752,2347,2817,1393,2101,1991
1,"건전진45도(6회)",feedback,3182,3198,16,5,5,-1,1,-3,-2.75,-2.5,-2.25,-2,-1.75,-1.5,-1.25,-1,-0.75,-0.5,-0.25,0,0.25,0.5,0.75,1,1.25,1.5,1.75,2,2.25,2.5,2014,2017,2020,2022,2025,2028,2031,2034,2037,2039,2042,2045,2048,2051,2054,2057,2059,2062,2065,2068,2071,2074,2076
1,"건전진45도(6회)",planned,3215,3215,0,39,5,-1,1,-33.57421875,0.52734375,-9.84375,9.931640625,18,-18,67.060546875,-68.37890625,-10.986328125,2.63671875,1.845703125,-2.724609375,2.548828125,-41.220703125,55.3046875,3.603515625,-1.0546875,-26.015625,26.279296875,67.587890625,-57.568359375,4.658203125,-5.009765625,1666,2054,1936,2161,2253,1843,2811,1270,1923,2078,2069,2017,2077,1579,2677,2089,2036,1752,2347,2817,1393,2101,1991
1,"건전진45도(6회)",sample,3215,3216,1,39,5,-1,1,-33.57421875,0.52734375,-9.84375,9.931640625,18,-18,67.060546875,-68.37890625,-10.986328125,2.63671875,1.845703125,-2.724609375,2.548828125,-41.220703125,55.3046875,3.603515625,-1.0546875,-26.015625,26.279296875,67.587890625,-57.568359375,4.658203125,-5.009765625,1666,2054,1936,2161,2253,1843,2811,1270,1923,2078,2069,2017,2077,1579,2677,2089,2036,1752,2347,2817,1393,2101,1991
1,"건전진45도(6회)",feedback,3216,3232,16,39,5,-1,1,-3,-2.75,-2.5,-2.25,-2,-1.75,-1.5,-1.25,-1,-0.75,-0.5,-0.25,0,0.25,0.5,0.75,1,1.25,1.5,1.75,2,2.25,2.5,2014,2017,2020,2022,2025,2028,2031,2034,2037,2039,2042,2045,2048,2051,2054,2057,2059,2062,2065,2068,2071,2074,2076
1,"건전진45도(6회)",planned,3315,3315,0,139,5,0,1,-32.34375,-0.3515625,-8.4375,7.55859375,18,-18,74.35546875,-76.2890625,-10.546875,2.4609375,0.693359375,-3,4,-89.82421875,56,-1,5,-67.236328125,32,58,-68,2,-12,1680,2044,1952,2134,2253,1843,2894,1180,1928,2076,2056,2014,2094,1026,2685,2037,2105,1283,2412,2708,1274,2071,1911
1,"건전진45도(6회)",sample,3315,3316,1,139,5,0,1,-32.34375,-0.3515625,-8.4375,7.55859375,18,-18,74.35546875,-76.2890625,-10.546875,2.4609375,0.693359375,-3,4,-89.82421875,56,-1,5,-67.236328125,32,58,-68,2,-12,1680,2044,1952,2134,2253,1843,2894,1180,1928,2076,2056,2014,2094,1026,2685,2037,2105,1283,2412,2708,1274,2071,1911
1,"건전진45도(6회)",feedback,3316,3332,16,139,5,0,1,-3,-2.75,-2.5,-2.25,-2,-1.75,-1.5,-1.25,-1,-0.75,-0.5,-0.25,0,0.25,0.5,0.75,1,1.25,1.5,1.75,2,2.25,2.5,2014,2017,2020,2022,2025,2028,2031,2034,2037,2039,2042,2045,2048,2051,2054,2057,2059,2062,2065,2068,2071,2074,2076
1,"건전진45도(6회)",endpoint,3338,3339,1,150,5,0,1,-32.34375,-0.3515625,-8.4375,7.55859375,18,-18,74.35546875,-76.2890625,-10.546875,2.4609375,0.693359375,-3,4,-89.82421875,56,-1,5,-67.236328125,32,58,-68,2,-12,1680,2044,1952,2134,2253,1843,2894,1180,1928,2076,2056,2014,2094,1026,2685,2037,2105,1283,2412,2708,1274,2071,1911
1,"건전진45도(6회)",planned,3339,3339,0,150,5,1,1,-32.34375,-0.3515625,-8.4375,7.55859375,18,-18,74.35546875,-76.2890625,-10.546875,2.4609375,0.693359375,-3,4,-89.82421875,56,-1,5,-67.236328125,32,58,-68,2,-12,1680,2044,1952,2134,2253,1843,2894,1180,1928,2076,2056,2014,2094,1026,2685,2037,2105,1283,2412,2708,1274,2071,1911
1,"건전진45도(6회)",sample,3339,3340,1,150,5,1,1,-32.34375,-0.3515625,-8.4375,7.55859375,18,-18,74.35546875,-76.2890625,-10.546875,2.4609375,0.693359375,-3,4,-89.82421875,56,-1,5,-67.236328125,32,58,-68,2,-12,1680,2044,1952,2134,2253,1843,2894,1180,1928,2076,2056,2014,2094,1026,2685,2037,2105,1283,2412,2708,1274,2071,1911
1,"건전진45도(6회)",feedback,3340,3356,16,150,5,1,1,-3,-2.75,-2.5,-2.25,-2,-1.75,-1.5,-1.25,-1,-0.75,-0.5,-0.25,0,0.25,0.5,0.75,1,1.25,1.5,1.75,2,2.25,2.5,2014,2017,2020,2022,2025,2028,2031,2034,2037,2039,2042,2045,2048,2051,2054,2057,2059,2062,2065,2068,2071,2074,2076
1,"건전진45도(6회)",planned,3361,3361,0,185,5,1,1,-32.431640625,-0.37353515625,-8.63525390625,7.822265625,18,-18,73.1689453125,-74.94873046875,-10.6787109375,2.5048828125,0.52001953125,-3,3.75,-82.1181640625,53.75,-2.2204460492503131e-16,3.2500000000000004,-59.04052734375,31.97607421875,58.6611328125,-69.5,2.25,-10.142578125,1679,2044,1950,2137,2253,1843,2880,1195,1926,2076,2054,2014,2091,1114,2660,2048,2085,1376,2412,2715,1257,2074,1933
1,"건전진45도(6회)",sample,3361,3362,1,185,5,1,1,-32.431640625,-0.37353515625,-8.63525390625,7.822265625,18,-18,73.1689453125,-74.94873046875,-10.6787109375,2.5048828125,0.52001953125,-3,3.75,-82.1181640625,53.75,-2.2204460492503131e-16,3.2500000000000004,-59.04052734375,31.97607421875,58.6611328125,-69.5,2.25,-10.142578125,1679,2044,1950,2137,2253,1843,2880,1195,1926,2076,2054,2014,2091,1114,2660,2048,2085,1376,2412,2715,1257,2074,1933
1,"건전진45도(6회)",feedback,3362,3378,16,185,5,1,1,-3,-2.75,-2.5,-2.25,-2,-1.75,-1.5,-1.25,-1,-0.75,-0.5,-0.25,0,0.25,0.5,0.75,1,1.25,1.5,1.75,2,2.25,2.5,2014,2017,2020,2022,2025,2028,2031,2034,2037,2039,2042,2045,2048,2051,2054,2057,2059,2062,2065,2068,2071,2074,2076
1,"건전진45도(6회)",planned,3395,3395,0,219,5,1,1,-32.602828475825333,-0.41633211895633293,-9.0204265706069968,8.3358291774759952,18,-18,70.857909326358026,-72.338115743663693,-10.935492713737998,2.5904767379126659,0.18239904767781789,-3,3.2630656687635007,-67.108793719581186,49.367591018871508,1.9477373249459973,-0.15854031865549523,-43.077260254287808,31.92947308158088,59.948845868152773,-72.421605987418999,2.7369343312364993,-6.5248082108913215,1677,2043,1945,2143,2253,1843,2854,1225,1924,2077,2050,2014,2085,1284,2610,2070,2046,1558,2411,2730,1224,2079,1974
1,"건전진45도(6회)",sample,3395,3396,1,219,5,1,1,-32.602828475825333,-0.41633211895633293,-9.0204265706069968,8.3358291774759952,18,-18,70.857909326358026,-72.338115743663693,-10.935492713737998,2.5904767379126659,0.18239904767781789,-3,3.2630656687635007,-67.108793719581186,49.367591018871508,1.9477373249459973,-0.15854031865549523,-43.077260254287808,31.92947308158088,59.948845868152773,-72.421605987418999,2.7369343312364993,-6.5248082108913215,1677,2043,1945,2143,2253,1843,2854,1225,1924,2077,2050,2014,2085,1284,2610,2070,2046,1558,2411,2730,1224,2079,1974
1,"건전진45도(6회)",feedback,3396,3412,16,219,5,1,1,-3,-2.75,-2.5,-2.25,-2,-1.75,-1.5,-1.25,-1,-0.75,-0.5,-0.25,0,0.25,0.5,0.75,1,1.25,1.5,1.75,2,2.25,2.5,2014,2017,2020,2022,2025,2028,2031,2034,2037,2039,2042,2045,2048,2051,2054,2057,2059,2062,2065,2068,2071,2074,2076
1,"건전진45도(6회)",endpoint,3495,3496,1,255,5,1,1,-32.6953125,-0.439453125,-9.228515625,8.61328125,18,-18,69.609375,-70.927734375,-11.07421875,2.63671875,0,-3,3,-59,47,3,-2,-34.453125,31.904296875,60.64453125,-74,3,-4.5703125,1676,2043,1943,2146,2253,1843,2840,1241,1922,2078,2048,2014,2082,1377,2583,2082,2025,1656,2411,2738,1206,2082,1996
1,"건전진45도(6회)",planned,3496,3496,0,255,5,-1,1,-32.6953125,-0.439453125,-9.228515625,8.61328125,18,-18,69.609375,-70.927734375,-11.07421875,2.63671875,0,-3,3,-59,47,3,-2,-34.453125,31.904296875,60.64453125,-74,3,-4.5703125,1676,2043,1943,2146,2253,1843,2840,1241,1922,2078,2048,2014,2082,1377,2583,2082,2025,1656,2411,2738,1206,2082,1996
1,"건전진45도(6회)",sample,3496,3497,1,255,5,-1,1,-32.6953125,-0.439453125,-9.228515625,8.61328125,18,-18,69.609375,-70.927734375,-11.07421875,2.63671875,0,-3,3,-59,47,3,-2,-34.453125,31.904296875,60.64453125,-74,3,-4.5703125,1676,2043,1943,2146,2253,1843,2840,1241,1922,2078,2048,2014,2082,1377,2583,2082,2025,1656,2411,2738,1206,2082,1996
1,"건전진45도(6회)",feedback,3497,3513,16,255,5,-1,1,-3,-2.75,-2.5,-2.25,-2,-1.75,-1.5,-1.25,-1,-0.75,-0.5,-0.25,0,0.25,0.5,0.75,1,1.25,1.5,1.75,2,2.25,2.5,2014,2017,2020,2022,2025,2028,2031,2034,2037,2039,2042,2045,2048,2051,2054,2057,2059,2062,2065,2068,2071,2074,2076
1,"건전진45도(6회)",planned,3519,3519,0,343,5,2,1,-32.693909639012674,-0.43384168105069998,-9.2144870151267497,8.5978497791394251,18,-18,69.672503744429619,-70.999280285353578,-11.067204445063375,2.6353158890126749,-0.0042085829619750202,-3.0068272568049816,3.0264673106275319,-58.930854540669181,47.512387181948306,2.9291399327957834,-1.8889869338696812,-34.406830587418277,32.276055036641125,60.728702909239502,-73.806467533126366,3.1218618577656323,-4.5534781681520995,1676,2043,1943,2146,2253,1843,2841,1240,1922,2078,2048,2014,2082,1377,2589,2081,2027,1657,2415,2739,1208,2084,1996
1,"건전진45도(6회)",sample,3519,3520,1,343,5,2,1,-32.693909639012674,-0.43384168105069998,-9.2144870151267497,8.5978497791394251,18,-18,69.672503744429619,-70.999280285353578,-11.067204445063375,2.6353158890126749,-0.0042085829619750202,-3.0068272568049816,3.0264673106275319,-58.930854540669181,47.512387181948306,2.9291399327957834,-1.8889869338696812,-34.406830587418277,32.276055036641125,60.728702909239502,-73.806467533126366,3.1218618577656323,-4.5534781681520995,1676,2043,1943,2146,2253,1843,2841,1240,1922,2078,2048,2014,2082,1377,2589,2081,2027,1657,2415,2739,1208,2084,1996
1,"건전진45도(6회)",feedback,3520,3536,16,343,5,2,1,-3,-2.75,-2.5,-2.25,-2,-1.75,-1.5,-1.25,-1,-0.75,-0.5,-0.25,0,0.25,0.5,0.75,1,1.25,1.5,1.75,2,2.25,2.5,2014,2017,2020,2022,2025,2028,2031,2034,2037,2039,2042,2045,2048,2051,2054,2057,2059,2062,2065,2068,2071,2074,2076
1,"건전진45도(6회)",planned,3541,3541,0,365,5,2,1,-32.648030283066277,-0.25032425726509344,-8.7556934556627333,8.0931768637290062,18,-18,71.737074762017699,-73.339127438620054,-10.837807665331367,2.5894365330662734,-0.14184665080117992,-3.2301067890774697,3.8920578261496424,-56.669512063133205,64.269567056060694,0.61172268688087428,1.7415994333555682,-32.892811841187019,44.434084362437559,63.4814642660236,-67.477155495009441,7.1072485776430536,-4.0029258967952801,1677,2045,1948,2140,2253,1843,2864,1214,1925,2077,2046,2011,2092,1403,2779,2055,2068,1674,2554,2770,1280,2129,2002
1,"건전진45도(6회)",sample,3541,3542,1,365,5,2,1,-32.648030283066277,-0.25032425726509344,-8.7556934556627333,8.0931768637290062,18,-18,71.737074762017699,-73.339127438620054,-10.837807665331367,2.5894365330662734,-0.14184665080117992,-3.2301067890774697,3.8920578261496424,-56.669512063133205,64.269567056060694,0.61172268688087428,1.7415994333555682,-32.892811841187019,44.434084362437559,63.4814642660236,-67.477155495009441,7.1072485776430536,-4.0029258967952801,1677,2045,1948,2140,2253,1843,2864,1214,1925,2077,2046,2011,2092,1403,2779,2055,2068,1674,2554,2770,1280,2129,2002
1,"건전진45도(6회)",feedback,3542,3558,16,365,5,2,1,-3,-2.75,-2.5,-2.25,-2,-1.75,-1.5,-1.25,-1,-0.75,-0.5,-0.25,0,0.25,0.5,0.75,1,1.25,1.5,1.75,2,2.25,2.5,2014,2017,2020,2022,2025,2028,2031,2034,2037,2039,2042,2045,2048,2051,2054,2057,2059,2062,2065,2068,2071,2074,2076
1,"건전진45도(6회)",planned,3575,3575,0,399,5,2,1,-32.607421875,-0.087890625,-8.349609375,7.646484375,18,-18,73.564453125,-75.41015625,-10.634765625,2.548828125,-0.263671875,-3.427734375,4.658203125,-54.66796875,79.1015625,-1.439453125,4.955078125,-31.552734375,55.1953125,65.91796875,-61.875,10.634765625,-3.515625,1677,2047,1953,2135,2253,1843,2885,1190,1927,2077,2045,2009,2101,1426,2948,2032,2104,1689,2676,2798,1344,2169,2008
1,"건전진45도(6회)",sample,3575,3576,1,399,5,2,1,-32.607421875,-0.087890625,-8.349609375,7.646484375,18,-18,73.564453125,-75.41015625,-10.634765625,2.548828125,-0.263671875,-3.427734375,4.658203125,-54.66796875,79.1015625,-1.439453125,4.955078125,-31.552734375,55.1953125,65.91796875,-61.875,10.634765625,-3.515625,1677,2047,1953,2135,2253,1843,2885,1190,1927,2077,2045,2009,2101,1426,2948,2032,2104,1689,2676,2798,1344,2169,2008
1,"건전진45도(6회)",feedback,3576,3592,16,399,5,2,1,-3,-2.75,-2.5,-2.25,-2,-1.75,-1.5,-1.25,-1,-0.75,-0.5,-0.25,0,0.25,0.5,0.75,1,1.25,1.5,1.75,2,2.25,2.5,2014,2017,2020,2022,2025,2028,2031,2034,2037,2039,2042,2045,2048,2051,2054,2057,2059,2062,2065,2068,2071,2074,2076
1,"건전진45도(6회)",endpoint,3675,3676,1,401,5,2,1,-32.607421875,-0.087890625,-8.349609375,7.646484375,18,-18,73.564453125,-75.41015625,-10.634765625,2.548828125,-0.263671875,-3.427734375,4.658203125,-54.66796875,79.1015625,-1.439453125,4.955078125,-31.552734375,55.1953125,65.91796875,-61.875,10.634765625,-3.515625,1677,2047,1953,2135,2253,1843,2885,1190,1927,2077,2045,2009,2101,1426,2948,2032,2104,1689,2676,2798,1344,2169,2008
1,"건전진45도(6회)",planned,3676,3676,0,401,5,-1,1,-32.607421875,-0.087890625,-8.349609375,7.646484375,18,-18,73.564453125,-75.41015625,-10.634765625,2.548828125,-0.263671875,-3.427734375,4.658203125,-54.66796875,79.1015625,-1.439453125,4.955078125,-31.552734375,55.1953125,65.91796875,-61.875,10.634765625,-3.515625,1677,2047,1953,2135,2253,1843,2885,1190,1927,2077,2045,2009,2101,1426,2948,2032,2104,1689,2676,2798,1344,2169,2008
1,"건전진45도(6회)",sample,3676,3677,1,401,5,-1,1,-32.607421875,-0.087890625,-8.349609375,7.646484375,18,-18,73.564453125,-75.41015625,-10.634765625,2.548828125,-0.263671875,-3.427734375,4.658203125,-54.66796875,79.1015625,-1.439453125,4.955078125,-31.552734375,55.1953125,65.91796875,-61.875,10.634765625,-3.515625,1677,2047,1953,2135,2253,1843,2885,1190,1927,2077,2045,2009,2101,1426,2948,2032,2104,1689,2676,2798,1344,2169,2008
1,"건전진45도(6회)",feedback,3677,3693,16,401,5,-1,1,-3,-2.75,-2.5,-2.25,-2,-1.75,-1.5,-1.25,-1,-0.75,-0.5,-0.25,0,0.25,0.5,0.75,1,1.25,1.5,1.75,2,2.25,2.5,2014,2017,2020,2022,2025,2028,2031,2034,2037,2039,2042,2045,2048,2051,2054,2057,2059,2062,2065,2068,2071,2074,2076
1,"건전진45도(6회)",planned,3699,3699,0,513,5,3,1,-33.57421875,0.52734375,-9.84375,9.931640625,18,-18,67.060546875,-68.37890625,-10.986328125,2.63671875,1.845703125,-2.724609375,2.548828125,-41.220703125,55.3046875,3.603515625,-1.0546875,-26.015625,26.279296875,67.587890625,-57.568359375,4.658203125,-5.009765625,1666,2054,1936,2161,2253,1843,2811,1270,1923,2078,2069,2017,2077,1579,2677,2089,2036,1752,2347,2817,1393,2101,1991
1,"건전진45도(6회)",sample,3699,3700,1,513,5,3,1,-33.57421875,0.52734375,-9.84375,9.931640625,18,-18,67.060546875,-68.37890625,-10.986328125,2.63671875,1.845703125,-2.724609375,2.548828125,-41.220703125,55.3046875,3.603515625,-1.0546875,-26.015625,26.279296875,67.587890625,-57.568359375,4.658203125,-5.009765625,1666,2054,1936,2161,2253,1843,2811,1270,1923,2078,2069,2017,2077,1579,2677,2089,2036,1752,2347,2817,1393,2101,1991
1,"건전진45도(6회)",feedback,3700,3716,16,513,5,3,1,-3,-2.75,-2.5,-2.25,-2,-1.75,-1.5,-1.25,-1,-0.75,-0.5,-0.25,0,0.25,0.5,0.75,1,1.25,1.5,1.75,2,2.25,2.5,2014,2017,2020,2022,2025,2028,2031,2034,2037,2039,2042,2045,2048,2051,2054,2057,2059,2062,2065,2068,2071,2074,2076
1,"건전진45도(6회)",repeat,3716,3716,0,513,5,3,1,,,,,,,,,,,,,,,,,,,,,,,,,,,,,,,,,,,,,,,,,,,,,,
1,"건전진45도(6회)",planned,3721,3721,0,5,6,-1,1,-33.57421875,0.52734375,-9.84375,9.931640625,18,-18,67.060546875,-68.37890625,-10.986328125,2.63671875,1.845703125,-2.724609375,2.548828125,-41.220703125,55.3046875,3.603515625,-1.0546875,-26.015625,26.279296875,67.587890625,-57.568359375,4.658203125,-5.009765625,1666,2054,1936,2161,2253,1843,2811,1270,1923,2078,2069,2017,2077,1579,2677,2089,2036,1752,2347,2817,1393,2101,1991
1,"건전진45도(6회)",sample,3721,3722,1,5,6,-1,1,-33.57421875,0.52734375,-9.84375,9.931640625,18,-18,67.060546875,-68.37890625,-10.986328125,2.63671875,1.845703125,-2.724609375,2.548828125,-41.220703125,55.3046875,3.603515625,-1.0546875,-26.015625,26.279296875,67.587890625,-57.568359375,4.658203125,-5.009765625,1666,2054,1936,2161,2253,1843,2811,1270,1923,2078,2069,2017,2077,1579,2677,2089,2036,1752,2347,2817,1393,2101,1991
1,"건전진45도(6회)",feedback,3722,3738,16,5,6,-1,1,-3,-2.75,-2.5,-2.25,-2,-1.75,-1.5,-1.25,-1,-0.75,-0.5,-0.25,0,0.25,0.5,0.75,1,1.25,1.5,1.75,2,2.25,2.5,2014,2017,2020,2022,2025,2028,2031,2034,2037,2039,2042,2045,2048,2051,2054,2057,2059,2062,2065,2068,2071,2074,2076
1,"건전진45도(6회)",planned,3755,3755,0,39,6,-1,1,-33.57421875,0.52734375,-9.84375,9.931640625,18,-18,67.060546875,-68.37890625,-10.986328125,2.63671875,1.845703125,-2.724609375,2.548828125,-41.220703125,55.3046875,3.603515625,-1.0546875,-26.015625,26.279296875,67.587890625,-57.568359375,4.658203125,-5.009765625,1666,2054,1936,2161,2253,1843,2811,1270,1923,2078,2069,2017,2077,1579,2677,2089,2036,1752,2347,2817,1393,2101,1991
1,"건전진45도(6회)",sample,3755,3756,1,39,6,-1,1,-33.57421875,0.52734375,-9.84375,9.931640625,18,-18,67.060546875,-68.37890625,-10.986328125,2.63671875,1.845703125,-2.724609375,2.548828125,-41.220703125,55.3046875,3.603515625,-1.0546875,-26.015625,26.279296875,67.587890625,-57.568359375,4.658203125,-5.009765625,1666,2054,1936,2161,2253,1843,2811,1270,1923,2078,2069,2017,2077,1579,2677,2089,2036,1752,2347,2817,1393,2101,1991
1,"건전진45도(6회)",feedback,3756,3772,16,39,6,-1,1,-3,-2.75,-2.5,-2.25,-2,-1.75,-1.5,-1.25,-1,-0.75,-0.5,-0.25,0,0.25,0.5,0.75,1,1.25,1.5,1.75,2,2.25,2.5,2014,2017,2020,2022,2025,2028,2031,2034,2037,2039,2042,2045,2048,2051,2054,2057,2059,2062,2065,2068,2071,2074,2076
1,"건전진45도(6회)",planned,3855,3855,0,139,6,0,1,-32.34375,-0.3515625,-8.4375,7.55859375,18,-18,74.35546875,-76.2890625,-10.546875,2.4609375,0.693359375,-3,4,-89.82421875,56,-1,5,-67.236328125,32,58,-68,2,-12,1680,2044,1952,2134,2253,1843,2894,1180,1928,2076,2056,2014,2094,1026,2685,2037,2105,1283,2412,2708,1274,2071,1911
1,"건전진45도(6회)",sample,3855,3856,1,139,6,0,1,-32.34375,-0.3515625,-8.4375,7.55859375,18,-18,74.35546875,-76.2890625,-10.546875,2.4609375,0.693359375,-3,4,-89.82421875,56,-1,5,-67.236328125,32,58,-68,2,-12,1680,2044,1952,2134,2253,1843,2894,1180,1928,2076,2056,2014,2094,1026,2685,2037,2105,1283,2412,2708,1274,2071,1911
1,"건전진45도(6회)",feedback,3856,3872,16,139,6,0,1,-3,-2.75,-2.5,-2.25,-2,-1.75,-1.5,-1.25,-1,-0.75,-0.5,-0.25,0,0.25,0.5,0.75,1,1.25,1.5,1.75,2,2.25,2.5,2014,2017,2020,2022,2025,2028,2031,2034,2037,2039,2042,2045,2048,2051,2054,2057,2059,2062,2065,2068,2071,2074,2076
1,"건전진45도(6회)",endpoint,3878,3879,1,150,6,0,1,-32.34375,-0.3515625,-8.4375,7.55859375,18,-18,74.35546875,-76.2890625,-10.546875,2.4609375,0.693359375,-3,4,-89.82421875,56,-1,5,-67.236328125,32,58,-68,2,-12,1680,2044,1952,2134,2253,1843,2894,1180,1928,2076,2056,2014,2094,1026,2685,2037,2105,1283,2412,2708,1274,2071,1911
1,"건전진45도(6회)",planned,3879,3879,0,150,6,1,1,-32.34375,-0.3515625,-8.4375,7.55859375,18,-18,74.35546875,-76.2890625,-10.546875,2.4609375,0.693359375,-3,4,-89.82421875,56,-1,5,-67.236328125,32,58,-68,2,-12,1680,2044,1952,2134,2253,1843,2894,1180,1928,2076,2056,2014,2094,1026,2685,2037,2105,1283,2412,2708,1274,2071,1911
1,"건전진45도(6회)",sample,3879,3880,1,150,6,1,1,-32.34375,-0.3515625,-8.4375,7.55859375,18,-18,74.35546875,-76.2890625,-10.546875,2.4609375,0.693359375,-3,4,-89.82421875,56,-1,5,-67.236328125,32,58,-68,2,-12,1680,2044,1952,2134,2253,1843,2894,1180,1928,2076,2056,2014,2094,1026,2685,2037,2105,1283,2412,2708,1274,2071,1911
1,"건전진45도(6회)",feedback,3880,3896,16,150,6,1,1,-3,-2.75,-2.5,-2.25,-2,-1.75,-1.5,-1.25,-1,-0.75,-0.5,-0.25,0,0.25,0.5,0.75,1,1.25,1.5,1.75,2,2.25,2.5,2014,2017,2020,2022,2025,2028,2031,2034,2037,2039,2042,2045,2048,2051,2054,2057,2059,2062,2065,2068,2071,2074,2076
1,"건전진45도(6회)",planned,3901,3901,0,185,6,1,1,-32.431640625,-0.37353515625,-8.63525390625,7.822265625,18,-18,73.1689453125,-74.94873046875,-10.6787109375,2.5048828125,0.52001953125,-3,3.75,-82.1181640625,53.75,-2.2204460492503131e-16,3.2500000000000004,-59.04052734375,31.97607421875,58.6611328125,-69.5,2.25,-10.142578125,1679,2044,1950,2137,2253,1843,2880,1195,1926,2076,2054,2014,2091,1114,2660,2048,2085,1376,2412,2715,1257,2074,1933
1,"건전진45도(6회)",sample,3901,3902,1,185,6,1,1,-32.431640625,-0.37353515625,-8.63525390625,7.822265625,18,-18,73.1689453125,-74.94873046875,-10.6787109375,2.5048828125,0.52001953125,-3,3.75,-82.1181640625,53.75,-2.2204460492503131e-16,3.2500000000000004,-59.04052734375,31.97607421875,58.6611328125,-69.5,2.25,-10.142578125,1679,2044,1950,2137,2253,1843,2880,1195,1926,2076,2054,2014,2091,1114,2660,2048,2085,1376,2412,2715,1257,2074,1933
1,"건전진45도(6회)",feedback,3902,3918,16,185,6,1,1,-3,-2.75,-2.5,-2.25,-2,-1.75,-1.5,-1.25,-1,-0.75,-0.5,-0.25,0,0.25,0.5,0.75,1,1.25,1.5,1.75,2,2.25,2.5,2014,2017,2020,2022,2025,2028,2031,2034,2037,2039,2042,2045,2048,2051,2054,2057,2059,2062,2065,2068,2071,2074,2076
1,"건전진45도(6회)",planned,3935,3935,0,219,6,1,1,-32.602828475825333,-0.41633211895633293,-9.0204265706069968,8.3358291774759952,18,-18,70.857909326358026,-72.338115743663693,-10.935492713737998,2.5904767379126659,0.18239904767781789,-3,3.2630656687635007,-67.108793719581186,49.367591018871508,1.9477373249459973,-0.15854031865549523,-43.077260254287808,31.92947308158088,59.948845868152773,-72.421605987418999,2.7369343312364993,-6.5248082108913215,1677,2043,1945,2143,2253,1843,2854,1225,1924,2077,2050,2014,2085,1284,2610,2070,2046,1558,2411,2730,1224,2079,1974
1,"건전진45도(6회)",sample,3935,3936,1,219,6,1,1,-32.602828475825333,-0.41633211895633293,-9.0204265706069968,8.3358291774759952,18,-18,70.857909326358026,-72.338115743663693,-10.935492713737998,2.5904767379126659,0.18239904767781789,-3,3.2630656687635007,-67.108793719581186,49.367591018871508,1.9477373249459973,-0.15854031865549523,-43.077260254287808,31.92947308158088,59.948845868152773,-72.421605987418999,2.7369343312364993,-6.5248082108913215,1677,2043,1945,2143,2253,1843,2854,1225,1924,2077,2050,2014,2085,1284,2610,2070,2046,1558,2411,2730,1224,2079,1974
1,"건전진45도(6회)",feedback,3936,3952,16,219,6,1,1,-3,-2.75,-2.5,-2.25,-2,-1.75,-1.5,-1.25,-1,-0.75,-0.5,-0.25,0,0.25,0.5,0.75,1,1.25,1.5,1.75,2,2.25,2.5,2014,2017,2020,2022,2025,2028,2031,2034,2037,2039,2042,2045,2048,2051,2054,2057,2059,2062,2065,2068,2071,2074,2076
1,"건전진45도(6회)",endpoint,4035,4036,1,255,6,1,1,-32.6953125,-0.439453125,-9.228515625,8.61328125,18,-18,69.609375,-70.927734375,-11.07421875,2.63671875,0,-3,3,-59,47,3,-2,-34.453125,31.904296875,60.64453125,-74,3,-4.5703125,1676,2043,1943,2146,2253,1843,2840,1241,1922,2078,2048,2014,2082,1377,2583,2082,2025,1656,2411,2738,1206,2082,1996
1,"건전진45도(6회)",planned,4036,4036,0,255,6,-1,1,-32.6953125,-0.439453125,-9.228515625,8.61328125,18,-18,69.609375,-70.927734375,-11.07421875,2.63671875,0,-3,3,-59,47,3,-2,-34.453125,31.904296875,60.64453125,-74,3,-4.5703125,1676,2043,1943,2146,2253,1843,2840,1241,1922,2078,2048,2014,2082,1377,2583,2082,2025,1656,2411,2738,1206,2082,1996
1,"건전진45도(6회)",sample,4036,4037,1,255,6,-1,1,-32.6953125,-0.439453125,-9.228515625,8.61328125,18,-18,69.609375,-70.927734375,-11.07421875,2.63671875,0,-3,3,-59,47,3,-2,-34.453125,31.904296875,60.64453125,-74,3,-4.5703125,1676,2043,1943,2146,2253,1843,2840,1241,1922,2078,2048,2014,2082,1377,2583,2082,2025,1656,2411,2738,1206,2082,1996
1,"건전진45도(6회)",feedback,4037,4053,16,255,6,-1,1,-3,-2.75,-2.5,-2.25,-2,-1.75,-1.5,-1.25,-1,-0.75,-0.5,-0.25,0,0.25,0.5,0.75,1,1.25,1.5,1.75,2,2.25,2.5,2014,2017,2020,2022,2025,2028,2031,2034,2037,2039,2042,2045,2048,2051,2054,2057,2059,2062,2065,2068,2071,2074,2076
1,"건전진45도(6회)",planned,4059,4059,0,343,6,2,1,-32.693909639012674,-0.43384168105069998,-9.2144870151267497,8.5978497791394251,18,-18,69.672503744429619,-70.999280285353578,-11.067204445063375,2.6353158890126749,-0.0042085829619750202,-3.0068272568049816,3.0264673106275319,-58.930854540669181,47.512387181948306,2.9291399327957834,-1.8889869338696812,-34.406830587418277,32.276055036641125,60.728702909239502,-73.806467533126366,3.1218618577656323,-4.5534781681520995,1676,2043,1943,2146,2253,1843,2841,1240,1922,2078,2048,2014,2082,1377,2589,2081,2027,1657,2415,2739,1208,2084,1996
1,"건전진45도(6회)",sample,4059,4060,1,343,6,2,1,-32.693909639012674,-0.43384168105069998,-9.2144870151267497,8.5978497791394251,18,-18,69.672503744429619,-70.999280285353578,-11.067204445063375,2.6353158890126749,-0.0042085829619750202,-3.0068272568049816,3.0264673106275319,-58.930854540669181,47.512387181948306,2.9291399327957834,-1.8889869338696812,-34.406830587418277,32.276055036641125,60.728702909239502,-73.806467533126366,3.1218618577656323,-4.5534781681520995,1676,2043,1943,2146,2253,1843,2841,1240,1922,2078,2048,2014,2082,1377,2589,2081,2027,1657,2415,2739,1208,2084,1996
1,"건전진45도(6회)",feedback,4060,4076,16,343,6,2,1,-3,-2.75,-2.5,-2.25,-2,-1.75,-1.5,-1.25,-1,-0.75,-0.5,-0.25,0,0.25,0.5,0.75,1,1.25,1.5,1.75,2,2.25,2.5,2014,2017,2020,2022,2025,2028,2031,2034,2037,2039,2042,2045,2048,2051,2054,2057,2059,2062,2065,2068,2071,2074,2076
1,"건전진45도(6회)",planned,4081,4081,0,365,6,2,1,-32.648030283066277,-0.25032425726509344,-8.7556934556627333,8.0931768637290062,18,-18,71.737074762017699,-73.339127438620054,-10.837807665331367,2.5894365330662734,-0.14184665080117992,-3.2301067890774697,3.8920578261496424,-56.669512063133205,64.269567056060694,0.61172268688087428,1.7415994333555682,-32.892811841187019,44.434084362437559,63.4814642660236,-67.477155495009441,7.1072485776430536,-4.0029258967952801,1677,2045,1948,2140,2253,1843,2864,1214,1925,2077,2046,2011,2092,1403,2779,2055,2068,1674,2554,2770,1280,2129,2002
1,"건전진45도(6회)",sample,4081,4082,1,365,6,2,1,-32.648030283066277,-0.25032425726509344,-8.7556934556627333,8.0931768637290062,18,-18,71.737074762017699,-73.339127438620054,-10.837807665331367,2.5894365330662734,-0.14184665080117992,-3.2301067890774697,3.8920578261496424,-56.669512063133205,64.269567056060694,0.61172268688087428,1.7415994333555682,-32.892811841187019,44.434084362437559,63.4814642660236,-67.477155495009441,7.1072485776430536,-4.0029258967952801,1677,2045,1948,2140,2253,1843,2864,1214,1925,2077,2046,2011,2092,1403,2779,2055,2068,1674,2554,2770,1280,2129,2002
1,"건전진45도(6회)",feedback,4082,4098,16,365,6,2,1,-3,-2.75,-2.5,-2.25,-2,-1.75,-1.5,-1.25,-1,-0.75,-0.5,-0.25,0,0.25,0.5,0.75,1,1.25,1.5,1.75,2,2.25,2.5,2014,2017,2020,2022,2025,2028,2031,2034,2037,2039,2042,2045,2048,2051,2054,2057,2059,2062,2065,2068,2071,2074,2076
1,"건전진45도(6회)",planned,4115,4115,0,399,6,2,1,-32.607421875,-0.087890625,-8.349609375,7.646484375,18,-18,73.564453125,-75.41015625,-10.634765625,2.548828125,-0.263671875,-3.427734375,4.658203125,-54.66796875,79.1015625,-1.439453125,4.955078125,-31.552734375,55.1953125,65.91796875,-61.875,10.634765625,-3.515625,1677,2047,1953,2135,2253,1843,2885,1190,1927,2077,2045,2009,2101,1426,2948,2032,2104,1689,2676,2798,1344,2169,2008
1,"건전진45도(6회)",sample,4115,4116,1,399,6,2,1,-32.607421875,-0.087890625,-8.349609375,7.646484375,18,-18,73.564453125,-75.41015625,-10.634765625,2.548828125,-0.263671875,-3.427734375,4.658203125,-54.66796875,79.1015625,-1.439453125,4.955078125,-31.552734375,55.1953125,65.91796875,-61.875,10.634765625,-3.515625,1677,2047,1953,2135,2253,1843,2885,1190,1927,2077,2045,2009,2101,1426,2948,2032,2104,1689,2676,2798,1344,2169,2008
1,"건전진45도(6회)",feedback,4116,4132,16,399,6,2,1,-3,-2.75,-2.5,-2.25,-2,-1.75,-1.5,-1.25,-1,-0.75,-0.5,-0.25,0,0.25,0.5,0.75,1,1.25,1.5,1.75,2,2.25,2.5,2014,2017,2020,2022,2025,2028,2031,2034,2037,2039,2042,2045,2048,2051,2054,2057,2059,2062,2065,2068,2071,2074,2076
1,"건전진45도(6회)",endpoint,4215,4216,1,401,6,2,1,-32.607421875,-0.087890625,-8.349609375,7.646484375,18,-18,73.564453125,-75.41015625,-10.634765625,2.548828125,-0.263671875,-3.427734375,4.658203125,-54.66796875,79.1015625,-1.439453125,4.955078125,-31.552734375,55.1953125,65.91796875,-61.875,10.634765625,-3.515625,1677,2047,1953,2135,2253,1843,2885,1190,1927,2077,2045,2009,2101,1426,2948,2032,2104,1689,2676,2798,1344,2169,2008
1,"건전진45도(6회)",planned,4216,4216,0,401,6,-1,1,-32.607421875,-0.087890625,-8.349609375,7.646484375,18,-18,73.564453125,-75.41015625,-10.634765625,2.548828125,-0.263671875,-3.427734375,4.658203125,-54.66796875,79.1015625,-1.439453125,4.955078125,-31.552734375,55.1953125,65.91796875,-61.875,10.634765625,-3.515625,1677,2047,1953,2135,2253,1843,2885,1190,1927,2077,2045,2009,2101,1426,2948,2032,2104,1689,2676,2798,1344,2169,2008
1,"건전진45도(6회)",sample,4216,4217,1,401,6,-1,1,-32.607421875,-0.087890625,-8.349609375,7.646484375,18,-18,73.564453125,-75.41015625,-10.634765625,2.548828125,-0.263671875,-3.427734375,4.658203125,-54.66796875,79.1015625,-1.439453125,4.955078125,-31.552734375,55.1953125,65.91796875,-61.875,10.634765625,-3.515625,1677,2047,1953,2135,2253,1843,2885,1190,1927,2077,2045,2009,2101,1426,2948,2032,2104,1689,2676,2798,1344,2169,2008
1,"건전진45도(6회)",feedback,4217,4233,16,401,6,-1,1,-3,-2.75,-2.5,-2.25,-2,-1.75,-1.5,-1.25,-1,-0.75,-0.5,-0.25,0,0.25,0.5,0.75,1,1.25,1.5,1.75,2,2.25,2.5,2014,2017,2020,2022,2025,2028,2031,2034,2037,2039,2042,2045,2048,2051,2054,2057,2059,2062,2065,2068,2071,2074,2076
1,"건전진45도(6회)",planned,4239,4239,0,513,6,3,1,-33.57421875,0.52734375,-9.84375,9.931640625,18,-18,67.060546875,-68.37890625,-10.986328125,2.63671875,1.845703125,-2.724609375,2.548828125,-41.220703125,55.3046875,3.603515625,-1.0546875,-26.015625,26.279296875,67.587890625,-57.568359375,4.658203125,-5.009765625,1666,2054,1936,2161,2253,1843,2811,1270,1923,2078,2069,2017,2077,1579,2677,2089,2036,1752,2347,2817,1393,2101,1991
1,"건전진45도(6회)",sample,4239,4240,1,513,6,3,1,-33.57421875,0.52734375,-9.84375,9.931640625,18,-18,67.060546875,-68.37890625,-10.986328125,2.63671875,1.845703125,-2.724609375,2.548828125,-41.220703125,55.3046875,3.603515625,-1.0546875,-26.015625,26.279296875,67.587890625,-57.568359375,4.658203125,-5.009765625,1666,2054,1936,2161,2253,1843,2811,1270,1923,2078,2069,2017,2077,1579,2677,2089,2036,1752,2347,2817,1393,2101,1991
1,"건전진45도(6회)",feedback,4240,4256,16,513,6,3,1,-3,-2.75,-2.5,-2.25,-2,-1.75,-1.5,-1.25,-1,-0.75,-0.5,-0.25,0,0.25,0.5,0.75,1,1.25,1.5,1.75,2,2.25,2.5,2014,2017,2020,2022,2025,2028,2031,2034,2037,2039,2042,2045,2048,2051,2054,2057,2059,2062,2065,2068,2071,2074,2076
1,"건전진45도(6회)",goals_complete,4256,4256,0,513,6,3,1,,,,,,,,,,,,,,,,,,,,,,,,,,,,,,,,,,,,,,,,,,,,,,
# dropped_rows=0
